name,price,location,sold,link,date
Acer Nitro 5 Core i5-10300H / 8GB / SSD 512  / VGA GTX 1650Ti 4GB / FHD IPS 144Hz AN515-55,12.895.000,KOTA SURAKARTA (SOLO),0,https://shopee.co.id/Acer-Nitro-5-Core-i5-10300H-8GB-SSD-512-VGA-GTX-1650Ti-4GB-FHD-IPS-144Hz-AN515-55-i.6488816.1374698710,23-01-2021
ACER ASPIRE 2IN1 R7 372RT I5 6200U 8GB RAM 128GB SSD,5.200.000,KOTA JAKARTA SELATAN,4,https://shopee.co.id/ACER-ASPIRE-2IN1-R7-372RT-I5-6200U-8GB-RAM-128GB-SSD-i.161362598.7070597217,23-01-2021
Laptop Acer Aspire  3 A314-32 NX.GVYSN.00B,5.199.000,KOTA TANGERANG SELATAN,9,https://shopee.co.id/Laptop-Acer-Aspire-3-A314-32-NX.GVYSN.00B-i.155149633.3964217274,23-01-2021
Laptop Bekas Acer Aspire E5 421 Gaming / Grafis Murah Bergaransi,2.500.000,KOTA TANGERANG SELATAN,15,https://shopee.co.id/Laptop-Bekas-Acer-Aspire-E5-421-Gaming-Grafis-Murah-Bergaransi-i.20864073.3262548692,23-01-2021
Laptop Acer Aspire V5 471 Core i3 gen 3 Dual VGA Intel dan Nvidia Desain Slim Siap Pakai,3.400.000,KOTA JAKARTA PUSAT,2,https://shopee.co.id/Laptop-Acer-Aspire-V5-471-Core-i3-gen-3-Dual-VGA-Intel-dan-Nvidia-Desain-Slim-Siap-Pakai-i.332620260.7574642932,23-01-2021
ACER ASPIRE S3 INTEL CORE I7 GEN3,4.500.000,KAB. BANDUNG,1,https://shopee.co.id/ACER-ASPIRE-S3-INTEL-CORE-I7-GEN3-i.143272478.8908162250,23-01-2021
LAPTOP MURAH Laptop Notebook Acer Aspire one Ram 2GB sangat Bagus gress BONUS TAS dan MOUSE,1.650.000,KOTA BEKASI,19,https://shopee.co.id/LAPTOP-MURAH-Laptop-Notebook-Acer-Aspire-one-Ram-2GB-sangat-Bagus-gress-BONUS-TAS-dan-MOUSE-i.119784276.4058339671,23-01-2021
Laptop Acer Aspire 5 A514-53 | NX.HZ6SN.002 - BONUS MOUSE,7.399.000,KOTA TANGERANG SELATAN,32,https://shopee.co.id/Laptop-Acer-Aspire-5-A514-53-NX.HZ6SN.002-BONUS-MOUSE-i.155149633.7749895104,23-01-2021
"ACER ASPIRE 3 SLIM A314 AMD RYZEN 3 3250 RAM4/8GB SSD512GB 14""HD WINDOWS 10 + OHS ORIGINAL",6.949.000,KOTA JAKARTA PUSAT,3,https://shopee.co.id/ACER-ASPIRE-3-SLIM-A314-AMD-RYZEN-3-3250-RAM4-8GB-SSD512GB-14-HD-WINDOWS-10-OHS-ORIGINAL-i.186855095.9703501843,23-01-2021
"ACER ASPIRE 5 A515-44-R7NZ - RYZEN 5-4500U - 8GB - 512GB SSD - 15.6"" - WIN10 - OFFICE HOME STUDENT",8.999.000,KOTA JAKARTA BARAT,1,https://shopee.co.id/ACER-ASPIRE-5-A515-44-R7NZ-RYZEN-5-4500U-8GB-512GB-SSD-15.6-WIN10-OFFICE-HOME-STUDENT-i.30555036.7973327280,23-01-2021
"Laptop Acer Aspire 3 A314-41-42PE, AMD A4-9120e Ram 4gb HDD 1tb",4.150.000,KOTA BOGOR,1,https://shopee.co.id/Laptop-Acer-Aspire-3-A314-41-42PE-AMD-A4-9120e-Ram-4gb-HDD-1tb-i.163364264.5672004576,23-01-2021
Acer Aspire 5 A514 53 3852 Core i3 1005G1 SSD 512GB W10 OHS Full HD,7.750.000,KOTA PALEMBANG,1,https://shopee.co.id/Acer-Aspire-5-A514-53-3852-Core-i3-1005G1-SSD-512GB-W10-OHS-Full-HD-i.148017040.6964510580,23-01-2021
"ACER ASPIRE 3 SLIM A314-22 - RYZEN 3-3250U - 4GB - 256GB SSD - 14"" - WIN10 - OFFICE HOME STUDENT",6.749.000,KOTA JAKARTA BARAT,142,https://shopee.co.id/ACER-ASPIRE-3-SLIM-A314-22-RYZEN-3-3250U-4GB-256GB-SSD-14-WIN10-OFFICE-HOME-STUDENT-i.30555036.1755936284,23-01-2021
Acer Aspire One Blue Intel Atom RAM2GB HDD320GB Win10 Second,1.699.000,KAB. BANDUNG,3,https://shopee.co.id/Acer-Aspire-One-Blue-Intel-Atom-RAM2GB-HDD320GB-Win10-Second-i.89017378.4611319943,23-01-2021
ACER ASPIRE 3 A314-21-4816(RED)AMD DUAL CORE A4 9120E 4GB 1TB AMD RADEON R3 WIN10,4.600.000,KOTA JAKARTA BARAT,1,https://shopee.co.id/ACER-ASPIRE-3-A314-21-4816(RED)AMD-DUAL-CORE-A4-9120E-4GB-1TB-AMD-RADEON-R3-WIN10-i.45923187.3366387871,23-01-2021
ACER ASPIRE ONE 11.6 INCI N23G/2GB/500GB SCOND,1.750.000,KAB. BOJONEGORO,4,https://shopee.co.id/ACER-ASPIRE-ONE-11.6-INCI-N23G-2GB-500GB-SCOND-i.21762176.1485041430,23-01-2021
"Laptop ACER Aspire ES1-432 C1P4 Intel 14""",3.790.000,KOTA JAKARTA BARAT,2,https://shopee.co.id/Laptop-ACER-Aspire-ES1-432-C1P4-Intel-14--i.9334075.2710906076,23-01-2021
"Acer Aspire 5 A514 52G i7 10510U 8GB 1TB+128GB SSD MX250 2GB Win10 14.0"" FHD",12.599.000,KOTA JAKARTA PUSAT,1,https://shopee.co.id/Acer-Aspire-5-A514-52G-i7-10510U-8GB-1TB-128GB-SSD-MX250-2GB-Win10-14.0-FHD-i.261550444.3737807845,23-01-2021
PC ACER ASPIRE ALL IN ONE C20-830,4.550.000,KOTA JAKARTA PUSAT,4,https://shopee.co.id/PC-ACER-ASPIRE-ALL-IN-ONE-C20-830-i.45338660.1862766119,23-01-2021
Laptop Acer Aspire 314-R3FS - With Proc AMD Ryzen 3 & SSD 256GB - RAM 4GB - Charcoal Black,6.360.850,KOTA SURABAYA,2,https://shopee.co.id/Laptop-Acer-Aspire-314-R3FS-With-Proc-AMD-Ryzen-3-SSD-256GB-RAM-4GB-Charcoal-Black-i.47640758.6018411343,23-01-2021
ACER Aspire C22-865 (Core i3-8130U) Silver,6.999.000,KOTA JAKARTA PUSAT,4,https://shopee.co.id/ACER-Aspire-C22-865-(Core-i3-8130U)-Silver-i.24814536.2841184765,23-01-2021
"Acer Aspire C24-960 Thin AIO Core i3-10110U 4GB 1TB 23.8"" FHD W10",7.399.000,KOTA JAKARTA PUSAT,9,https://shopee.co.id/Acer-Aspire-C24-960-Thin-AIO-Core-i3-10110U-4GB-1TB-23.8-FHD-W10-i.24011016.1631292054,23-01-2021
Likenew Laptop ACER ASPIRE E14 E5-476G Core i3-8150u VGA Nvidia MX150,6.500.000,KOTA BOGOR,1,https://shopee.co.id/Likenew-Laptop-ACER-ASPIRE-E14-E5-476G-Core-i3-8150u-VGA-Nvidia-MX150-i.206148480.4968993913,23-01-2021
PC AIO Acer Aspire C20-830 Intel Celeron J4005 4GB 1TB HDD WINDOWS 10,4.999.000,KOTA SINGKAWANG,1,https://shopee.co.id/PC-AIO-Acer-Aspire-C20-830-Intel-Celeron-J4005-4GB-1TB-HDD-WINDOWS-10-i.63990167.5943397644,23-01-2021
ACER ASPIRE A514 INTEL CORE i3 1005G1 RAM4GB SSD512GB INTEL UHD GRAPHIC WINDOWS 10,7.449.000,KOTA JAKARTA PUSAT,17,https://shopee.co.id/ACER-ASPIRE-A514-INTEL-CORE-i3-1005G1-RAM4GB-SSD512GB-INTEL-UHD-GRAPHIC-WINDOWS-10-i.32829345.1552715024,23-01-2021
"PC AIO ACER ASPIRE C22-820 J4125 4GB 1TB 21,5"" FHD",5.981.000,KOTA MALANG,2,https://shopee.co.id/PC-AIO-ACER-ASPIRE-C22-820-J4125-4GB-1TB-21-5-FHD-i.22145472.5046044801,23-01-2021
Promo Murah Acer Aspire AIO C20-830/J-4025/4GB/1TB/19inch/WIN 10/Resmi,4.884.000,KOTA SURABAYA,4,https://shopee.co.id/Promo-Murah-Acer-Aspire-AIO-C20-830-J-4025-4GB-1TB-19inch-WIN-10-Resmi-i.55179188.902587037,23-01-2021
Laptop Acer Aspire i3/4GB/500GB Second,3.199.000,KAB. BANDUNG,3,https://shopee.co.id/Laptop-Acer-Aspire-i3-4GB-500GB-Second-i.120696526.3913429341,23-01-2021
LAPTOP ACER Aspire 5 A514-52KG-32TH i3 7020 4GB 1TB MX130 2GB W10,7.895.500,KOTA JAKARTA BARAT,2,https://shopee.co.id/LAPTOP-ACER-Aspire-5-A514-52KG-32TH-i3-7020-4GB-1TB-MX130-2GB-W10-i.155091739.2489293831,23-01-2021
Laptop Acer Aspire E5-575 i3-6006U/4GB/1TB Black Second,3.699.000,KAB. BANDUNG,2,https://shopee.co.id/Laptop-Acer-Aspire-E5-575-i3-6006U-4GB-1TB-Black-Second-i.120696526.4314498127,23-01-2021
LAPTOP ACER ASPIRE A514 - 30W8 ||  i3-8130 || 4GB || SSD 256GB || WIN 10 + OFFiCE || RESMI,6.542.000,KOTA SURABAYA,2,https://shopee.co.id/LAPTOP-ACER-ASPIRE-A514-30W8-i3-8130-4GB-SSD-256GB-WIN-10-OFFiCE-RESMI-i.55179188.7040538798,23-01-2021
LAPTOP Acer Aspire A514-51G-52C3 Intel CORE I5 GENERASI 8 NVIDIA GEFORCE HARDISK 1000GB (TAS&INSTAL),7.479.000,KOTA SURABAYA,2,https://shopee.co.id/LAPTOP-Acer-Aspire-A514-51G-52C3-Intel-CORE-I5-GENERASI-8-NVIDIA-GEFORCE-HARDISK-1000GB-(TAS-INSTAL)-i.7217222.2255105204,23-01-2021
Acer Aspire 3 Slim A314-22-R1KF AMD Athlon 3050U 4GB/256GB SSD FHD W10 OHS,5.999.000,KOTA JAKARTA PUSAT,3,https://shopee.co.id/Acer-Aspire-3-Slim-A314-22-R1KF-AMD-Athlon-3050U-4GB-256GB-SSD-FHD-W10-OHS-i.24011016.3858883956,23-01-2021
"PROMO LAPTOP GAMING ACER ASPIRE A514-53G-52SR / CORE I5 4GB 1TB NVIDIA MX350 2GB 14"" GARANSI",8.801.018,KOTA SURABAYA,1,https://shopee.co.id/PROMO-LAPTOP-GAMING-ACER-ASPIRE-A514-53G-52SR-CORE-I5-4GB-1TB-NVIDIA-MX350-2GB-14-GARANSI-i.89660396.2311116663,23-01-2021
Acer Aspire 3 A314 Ryzen 5 3500 4GB 1TB Vega8 W10 (PRE) 14.0,7.549.000,KOTA BEKASI,1,https://shopee.co.id/Acer-Aspire-3-A314-Ryzen-5-3500-4GB-1TB-Vega8-W10-(PRE)-14.0-i.239685667.5951095701,23-01-2021
ACER ASPIRE 3 SLIM A314 AMD RYZEN 3 3250 RAM4GB SSD256GB FHD  WINDOWS 10 + OHS ORIGINAL,6.999.000,KOTA JAKARTA PUSAT,6,https://shopee.co.id/ACER-ASPIRE-3-SLIM-A314-AMD-RYZEN-3-3250-RAM4GB-SSD256GB-FHD-WINDOWS-10-OHS-ORIGINAL-i.32829345.2489970875,23-01-2021
ACER ASPIRE 3 A315 42 R1RE R3 3200U 4GB 500GB W10,6.161.000,KOTA TANGERANG,3,https://shopee.co.id/ACER-ASPIRE-3-A315-42-R1RE-R3-3200U-4GB-500GB-W10-i.280500752.5140510042,23-01-2021
ACER Aspire A314 22 R4L8 AMD Ryzen 3 3250U 4GB 256GB HDD 1TB SSD Vega3 14.0 HD WIN10 OHS 2019,7.450.000,KOTA MALANG,1,https://shopee.co.id/ACER-Aspire-A314-22-R4L8-AMD-Ryzen-3-3250U-4GB-256GB-HDD-1TB-SSD-Vega3-14.0-HD-WIN10-OHS-2019-i.164898651.6863157256,23-01-2021
Acer Aspire 3 A314-22 Ryzen 3-3250U 4GB/256GB SSD AMD Radeon W10 OHS 2019 FHD,6.899.000,KOTA JAKARTA PUSAT,3,https://shopee.co.id/Acer-Aspire-3-A314-22-Ryzen-3-3250U-4GB-256GB-SSD-AMD-Radeon-W10-OHS-2019-FHD-i.24011016.4857658399,23-01-2021
Acer Aspire 3 A314-32-COHM N4120 4GB 256GB SSD 14'HD W10+OHS2019,6.100.000,KOTA MOJOKERTO,1,https://shopee.co.id/Acer-Aspire-3-A314-32-COHM-N4120-4GB-256GB-SSD-14'HD-W10-OHS2019-i.238149566.3561261304,23-01-2021
Desktop Acer Aspire TC-708 | UX.BC7SD.009,7.999.000,KOTA TANGERANG SELATAN,1,https://shopee.co.id/Desktop-Acer-Aspire-TC-708-UX.BC7SD.009-i.155149633.5550417745,23-01-2021
"LAPTOP ACER ASPIRE 3 SLIM A314-22 R4ZD - RYZEN 5-3500U - 8GB - 512GB SSD - 14""FHD - WIN10 - OFFICE",8.399.000,KOTA JAKARTA BARAT,2,https://shopee.co.id/LAPTOP-ACER-ASPIRE-3-SLIM-A314-22-R4ZD-RYZEN-5-3500U-8GB-512GB-SSD-14-FHD-WIN10-OFFICE-i.174585297.9804359937,23-01-2021
ACER ASPIRE 5 A514-52G-59RA i5 10210 4GB 1TB MX250 2GB W10+OHS 14.0,8.350.000,KOTA JAKARTA PUSAT,2,https://shopee.co.id/ACER-ASPIRE-5-A514-52G-59RA-i5-10210-4GB-1TB-MX250-2GB-W10-OHS-14.0-i.270342862.5345994907,23-01-2021
"LAPTOP ACER ASPIRE 5 A514 53 - i3-1005G1 - 4GB - 512SSD + INTEL OPTANE - 14""FHD - W10 - OFFICE",7.099.000,KOTA JAKARTA BARAT,37,https://shopee.co.id/LAPTOP-ACER-ASPIRE-5-A514-53-i3-1005G1-4GB-512SSD-INTEL-OPTANE-14-FHD-W10-OFFICE-i.174585297.6605509408,23-01-2021
ACER ASPIRE 3 SLIM A314 R6JU AMD ATHLON 3050U RAM4GB SSD512GB+HDD1TB 14 FHD WIN10 + OFFICE,6.799.000,KOTA JAKARTA PUSAT,12,https://shopee.co.id/ACER-ASPIRE-3-SLIM-A314-R6JU-AMD-ATHLON-3050U-RAM4GB-SSD512GB-HDD1TB-14-FHD-WIN10-OFFICE-i.32829345.7659055195,23-01-2021
Acer Aspire 5 A514-52G Core i7-10510U/8GB DDR/ 1TB SSD NVMe/ MX250 W10,14.685.000,KOTA JAKARTA PUSAT,2,https://shopee.co.id/Acer-Aspire-5-A514-52G-Core-i7-10510U-8GB-DDR-1TB-SSD-NVMe-MX250-W10-i.24011016.1635247175,23-01-2021
Notebook Acer Aspire Series Windows 10,4.660.000,KOTA JAKARTA BARAT,4,https://shopee.co.id/Notebook-Acer-Aspire-Series-Windows-10-i.327043379.6660602670,23-01-2021
"LAPTOP ACER ASPIRE 3 SLIM A314-22 - ATHLON 3050U - 4GB - 256GB SSD -  14"" - WIN10 - OFFICE",5.699.000,KOTA JAKARTA BARAT,6,https://shopee.co.id/LAPTOP-ACER-ASPIRE-3-SLIM-A314-22-ATHLON-3050U-4GB-256GB-SSD-14-WIN10-OFFICE-i.174585297.6508852757,23-01-2021
FULSET Laptop Acer Aspire 4739 Series Hardisk 320GB siap pakai BONUS TAS & MOUSE,1.990.000,KOTA BEKASI,13,https://shopee.co.id/FULSET-Laptop-Acer-Aspire-4739-Series-Hardisk-320GB-siap-pakai-BONUS-TAS-MOUSE-i.119784276.4858343207,23-01-2021
Laptop Aspire 3 Slim A314-22 | NX.HVVSN.00N Black,6.999.000,KOTA TANGERANG SELATAN,6,https://shopee.co.id/Laptop-Aspire-3-Slim-A314-22-NX.HVVSN.00N-Black-i.155149633.8205251293,23-01-2021
"ACER Aspire Switch 10- INTEL ATOM Z3735F -2GB-64GB SSD-10""",1.820.000,KOTA DEPOK,108,https://shopee.co.id/ACER-Aspire-Switch-10-INTEL-ATOM-Z3735F-2GB-64GB-SSD-10--i.267274449.7536234523,23-01-2021
Notebook acer aspire one Ram 2GB HDD 320GB second,1.599.000,KAB. BANDUNG,16,https://shopee.co.id/Notebook-acer-aspire-one-Ram-2GB-HDD-320GB-second-i.178014179.7327378192,23-01-2021
{CODE HY305} NOTEBOOK - Acer Aspire Switch 10 - Z3735F - 2GB - 64GB SSD - 10 in - Bekas Berkualitas ,2.297.000,KOTA JAKARTA PUSAT,1,https://shopee.co.id/-CODE-HY305-NOTEBOOK-Acer-Aspire-Switch-10-Z3735F-2GB-64GB-SSD-10-in-Bekas-Berkualitas-i.178435915.4057640458,23-01-2021
"LAPTOP ACER ASPIRE 5 A514 53 i3-1005G1/4GB/SSD512GB/14""HD/WIN10-Magic Color(purple)",7.250.000,KOTA BANDUNG,1,https://shopee.co.id/LAPTOP-ACER-ASPIRE-5-A514-53-i3-1005G1-4GB-SSD512GB-14-HD-WIN10-Magic-Color(purple)-i.71194448.7268401019,23-01-2021
Laptop SSD Acer Aspire 3 Intel N4120 RAM 4GB SSD 256GB A314-32-C6KM 14 Inch HD OHS W10,5.327.000,KOTA JAKARTA PUSAT,99,https://shopee.co.id/Laptop-SSD-Acer-Aspire-3-Intel-N4120-RAM-4GB-SSD-256GB-A314-32-C6KM-14-Inch-HD-OHS-W10-i.148846460.7819733802,23-01-2021
ACER ASPIRE 4732Z PENTIUM DUAL CORE(2GB/320GB)BERGARANSI+BONUS,1.600.000,KOTA MEDAN,1,https://shopee.co.id/ACER-ASPIRE-4732Z-PENTIUM-DUAL-CORE(2GB-320GB)BERGARANSI-BONUS-i.164465638.3856101366,23-01-2021
LAPTOP ACER ASPIRE 5 A514-CORE i3 1005G1-4GB-SSD 512GB-32OPTANE FHD 14,7.653.800,KOTA SURABAYA,1,https://shopee.co.id/LAPTOP-ACER-ASPIRE-5-A514-CORE-i3-1005G1-4GB-SSD-512GB-32OPTANE-FHD-14-i.3931398.6960420664,23-01-2021
LAPTOP ACER ASPIRE 3 - R8A0-ATHLON 3050U - 4GB 1TB - WIN -FHD -BLACK,5.700.000,KOTA JAKARTA PUSAT,1,https://shopee.co.id/LAPTOP-ACER-ASPIRE-3-R8A0-ATHLON-3050U-4GB-1TB-WIN-FHD-BLACK-i.120447940.9202443602,23-01-2021
Acer Aspire E1-421 Fullset Lengkap Laptop Second Bekas Murah RAM 2GB HDD 320GB VGA ATI Radeon,2.000.000,KAB. INDRAMAYU,1,https://shopee.co.id/Acer-Aspire-E1-421-Fullset-Lengkap-Laptop-Second-Bekas-Murah-RAM-2GB-HDD-320GB-VGA-ATI-Radeon-i.49656833.7468202477,23-01-2021
Laptop Gaming Acer Aspire 3 A314 AMD Athlon 3050U - 8GB - SSD - Win10,6.110.000,KOTA JAKARTA SELATAN,1,https://shopee.co.id/Laptop-Gaming-Acer-Aspire-3-A314-AMD-Athlon-3050U-8GB-SSD-Win10-i.6034428.5470270183,23-01-2021
Acer Aspire One 722 AO722 Layar 12 Inch Merah Netbook Notebook Bekas Second Red 2GB 320GB ATI Radeon,1.600.000,KAB. INDRAMAYU,3,https://shopee.co.id/Acer-Aspire-One-722-AO722-Layar-12-Inch-Merah-Netbook-Notebook-Bekas-Second-Red-2GB-320GB-ATI-Radeon-i.49656833.7432077396,23-01-2021
PROMO LAPTOP GAMING ACER ASPIRE A514-53G CORE i5 - MX350 - 4GB RAM-1TB HDD - MURAH - BERKUALITAS,8.790.900,KOTA SURABAYA,2,https://shopee.co.id/PROMO-LAPTOP-GAMING-ACER-ASPIRE-A514-53G-CORE-i5-MX350-4GB-RAM-1TB-HDD-MURAH-BERKUALITAS-i.82593565.3353350983,23-01-2021
PROMO LAPTOP ACER ASPIRE A314-42PE/AMD A4-9120/4GB/1TB/WIN 10/RESMI,4.860.000,KOTA SURABAYA,1,https://shopee.co.id/PROMO-LAPTOP-ACER-ASPIRE-A314-42PE-AMD-A4-9120-4GB-1TB-WIN-10-RESMI-i.55179188.7704712925,23-01-2021
Laptop Acer Aspire ES 14 ES5-411 Black second,2.750.000,KOTA BANDUNG,1,https://shopee.co.id/Laptop-Acer-Aspire-ES-14-ES5-411-Black-second-i.32664305.3505093524,23-01-2021
LAPTOP ACER ASPIRE 5 A514-51G - i5-8265U 4GB 1TB MX230 2GB 14HD WIN10,8.800.000,KOTA JAKARTA PUSAT,3,https://shopee.co.id/LAPTOP-ACER-ASPIRE-5-A514-51G-i5-8265U-4GB-1TB-MX230-2GB-14HD-WIN10-i.120447940.1945142159,23-01-2021
NOTEBOOK ACER ASPIRE V5-131 SECOND / NOTEBOOK ACER BEKAS,1.900.000,KOTA MALANG,1,https://shopee.co.id/NOTEBOOK-ACER-ASPIRE-V5-131-SECOND-NOTEBOOK-ACER-BEKAS-i.255681342.4844713968,23-01-2021
PC ACER ASPIRE TC-708 CORE I3 GEN 7 -RAM DDR4 4GB HDD 1TB -DVD RW TOWER,2.800.000,KAB. BEKASI,1,https://shopee.co.id/PC-ACER-ASPIRE-TC-708-CORE-I3-GEN-7-RAM-DDR4-4GB-HDD-1TB-DVD-RW-TOWER-i.256261889.4533720355,23-01-2021
LAPTOP ACER ASPIRE 5 A514 53 FULL HD i3-1005G1 512GB SSD FREE OFFICE,7.250.000,KOTA JAKARTA PUSAT,1,https://shopee.co.id/LAPTOP-ACER-ASPIRE-5-A514-53-FULL-HD-i3-1005G1-512GB-SSD-FREE-OFFICE-i.31475521.4957975321,23-01-2021
"Acer Aspire C22-960 Thin AIO Desktop Core i3-10110U 4GB 1TB 21,5""FHD W10",6.999.000,KOTA JAKARTA PUSAT,1,https://shopee.co.id/Acer-Aspire-C22-960-Thin-AIO-Desktop-Core-i3-10110U-4GB-1TB-21-5-FHD-W10-i.24011016.1627252778,23-01-2021
acer aspire layar lcd 15inch core2duo,1.600.000,KAB. JEPARA,3,https://shopee.co.id/acer-aspire-layar-lcd-15inch-core2duo-i.19451116.2729612155,23-01-2021
Laptop sekolah /karyawan... Acer Aspire 2920 core 2duo,1.750.000,KOTA JAKARTA BARAT,1,https://shopee.co.id/Laptop-sekolah-karyawan...-Acer-Aspire-2920-core-2duo-i.205296960.7938370975,23-01-2021
"LAPTOP ACER ASPIRE 5 A514-53 -31QE  i3-1005G1 4GB 1TB INTEL UHD 14"" OHS W10",7.299.000,KOTA JAKARTA PUSAT,5,https://shopee.co.id/LAPTOP-ACER-ASPIRE-5-A514-53-31QE-i3-1005G1-4GB-1TB-INTEL-UHD-14-OHS-W10-i.27662413.1923488619,23-01-2021
Motherboard Acer Aspire E5-471G Intel Core i7 VGA Nvidia DA0ZQ0MB6E0,2.820.000,KOTA MEDAN,1,https://shopee.co.id/Motherboard-Acer-Aspire-E5-471G-Intel-Core-i7-VGA-Nvidia-DA0ZQ0MB6E0-i.24081738.289213979,23-01-2021
OBRAL CUCI GUDANG LAPTOP Acer Aspire R3-471TG-513C CORE I5 NVIDIA GEFORCE BERGARANSI,4.560.000,KOTA SURABAYA,1,https://shopee.co.id/OBRAL-CUCI-GUDANG-LAPTOP-Acer-Aspire-R3-471TG-513C-CORE-I5-NVIDIA-GEFORCE-BERGARANSI-i.7217222.4943118861,23-01-2021
Laptop ACER Aspire 5 Slim A514 | i7 1165G7 8GB 512ssd MX350 2GB W10+OHS 14.0FHD |-54G,12.899.000,KOTA JAKARTA UTARA,1,https://shopee.co.id/Laptop-ACER-Aspire-5-Slim-A514-i7-1165G7-8GB-512ssd-MX350-2GB-W10-OHS-14.0FHD-54G-i.217781231.6941940597,23-01-2021
Notebook Acer Aspire One White Second,1.599.000,KAB. BANDUNG,1,https://shopee.co.id/Notebook-Acer-Aspire-One-White-Second-i.27092169.2841882209,23-01-2021
notebook acer aspire one AOD270 N2600,1.500.000,KAB. BANDUNG,1,https://shopee.co.id/notebook-acer-aspire-one-AOD270-N2600-i.178014179.7127567997,23-01-2021
ASPIRE 4750 RAM 2GB Hdd 500Gb. 14inc Core i3,1.650.000,KOTA MATARAM,1,https://shopee.co.id/ASPIRE-4750-RAM-2GB-Hdd-500Gb.-14inc-Core-i3-i.86002983.3517069266,23-01-2021
Motherboard Acer Aspire E1-470G Core i5 VGA NVIDIA,1.690.000,KOTA MEDAN,1,https://shopee.co.id/Motherboard-Acer-Aspire-E1-470G-Core-i5-VGA-NVIDIA-i.24081738.5604359207,23-01-2021
