name,price,location,sold,link,date
"Acer Spin 1 SP111-33-C425 | 11.6""/N4020/4GB/500GB HDD/Win10/OHS",5.299.000,KAB. BATANG,0,https://shopee.co.id/Acer-Spin-1-SP111-33-C425-11.6-N4020-4GB-500GB-HDD-Win10-OHS-i.172797811.5078196403,28-01-2021
"Laptop Acer Predator Nitro 5 i5 10300H GTX 1650 8GB 512GB 15.6"" FHD 144Hz AN515-55-58X3",12.369.000,KOTA JAKARTA PUSAT,127,https://shopee.co.id/Laptop-Acer-Predator-Nitro-5-i5-10300H-GTX-1650-8GB-512GB-15.6-FHD-144Hz-AN515-55-58X3-i.148846460.5317332378,28-01-2021
Laptop ACER Nitro 5 AN515 | i5 10300 8GB 512ssd GTX1650Ti W10 15.6FHD 144Hz |-55.58X3,12.499.000,KOTA JAKARTA UTARA,1,https://shopee.co.id/Laptop-ACER-Nitro-5-AN515-i5-10300-8GB-512ssd-GTX1650Ti-W10-15.6FHD-144Hz-55.58X3-i.217781231.4055638801,28-01-2021
Acer i5 Gen7 RAM 8GB Nvidia 940MX Dual VGA Gaming Laptop Second E5-475 / 475G not rog asus nitro tuf,5.900.000,KOTA TANGERANG SELATAN,11,https://shopee.co.id/Acer-i5-Gen7-RAM-8GB-Nvidia-940MX-Dual-VGA-Gaming-Laptop-Second-E5-475-475G-not-rog-asus-nitro-tuf-i.6356067.2766117514,28-01-2021
Acer Predator Nitro 5 AN515-55-58X3 i5 10300 8GB 512ssd GTX1650Ti 4GB W10+OHS 15.6FHD 144Hz BLACK,12.499.000,KOTA JAKARTA UTARA,7,https://shopee.co.id/Acer-Predator-Nitro-5-AN515-55-58X3-i5-10300-8GB-512ssd-GTX1650Ti-4GB-W10-OHS-15.6FHD-144Hz-BLACK-i.225418842.3854978842,28-01-2021
[BONUS MOUSE NITRO] Laptop Gaming Acer Nitro 5 AN515-55 | NH.Q7NSN.003,12.799.000,KOTA TANGERANG SELATAN,2,https://shopee.co.id/-BONUS-MOUSE-NITRO-Laptop-Gaming-Acer-Nitro-5-AN515-55-NH.Q7NSN.003-i.155149633.3555311922,28-01-2021
Acer Nitro 5 AN515-55-77MG [i7-10870H/512GBSSD/GTX1650Ti/OHS] [NH.Q7NSN.004],14.549.000,KOTA JAKARTA TIMUR,1,https://shopee.co.id/Acer-Nitro-5-AN515-55-77MG-i7-10870H-512GBSSD-GTX1650Ti-OHS-NH.Q7NSN.004--i.37968209.7765327323,28-01-2021
Laptop Gaming Acer Nitro 5 AN515-44-R3Y8 | NH.Q9NSN.003,15.389.000,KOTA TANGERANG SELATAN,2,https://shopee.co.id/Laptop-Gaming-Acer-Nitro-5-AN515-44-R3Y8-NH.Q9NSN.003-i.155149633.6767795703,28-01-2021
Laptop ACER Nitro 5 AN515 | Ryzen 5 4600 8GB 512ssd GTX1650Ti 4GB W10+OHS 15.6FHD 144Hz |-44.R2Z0,13.499.000,KOTA JAKARTA UTARA,2,https://shopee.co.id/Laptop-ACER-Nitro-5-AN515-Ryzen-5-4600-8GB-512ssd-GTX1650Ti-4GB-W10-OHS-15.6FHD-144Hz-44.R2Z0-i.217781231.6055637484,28-01-2021
Acer Predator Nitro 5 AN515 i5 10300 8GB 512ssd GTX1650Ti 4GB W10+OHS 15.6FHD 144Hz -55.58X3,12.599.000,KOTA JAKARTA UTARA,2,https://shopee.co.id/Acer-Predator-Nitro-5-AN515-i5-10300-8GB-512ssd-GTX1650Ti-4GB-W10-OHS-15.6FHD-144Hz-55.58X3-i.250649369.6358910369,28-01-2021
Acer nitro 5 5N515 54 second,12.824.000,KOTA JAKARTA PUSAT,1,https://shopee.co.id/Acer-nitro-5-5N515-54-second-i.118872664.5471905842,28-01-2021
"Acer Nitro 5 AN515-55-79RK_2 [15.6""/i7-10750H/GTX1650Ti/8G/512G/W10+OHS] Black [NH.Q7NSN.002]",14.999.000,KOTA JAKARTA TIMUR,2,https://shopee.co.id/Acer-Nitro-5-AN515-55-79RK_2-15.6-i7-10750H-GTX1650Ti-8G-512G-W10-OHS-Black-NH.Q7NSN.002--i.37968209.6358388516,28-01-2021
Acer Predator Nitro 5 AN515-55 i5-10300H/GTX 1650 4GB/8GB/512GB W10 144Hz,12.699.000,KOTA JAKARTA PUSAT,2,https://shopee.co.id/Acer-Predator-Nitro-5-AN515-55-i5-10300H-GTX-1650-4GB-8GB-512GB-W10-144Hz-i.24011016.3743826330,28-01-2021
ACER NITRO 5 AN515 44 R5 4600H R7 4800H GTX 1650 Ti 512GB 8GB RYZEN 5 7 R2Z0 R3Y8 PREDATOR,13.398.000,KAB. TANGERANG,1,https://shopee.co.id/ACER-NITRO-5-AN515-44-R5-4600H-R7-4800H-GTX-1650-Ti-512GB-8GB-RYZEN-5-7-R2Z0-R3Y8-PREDATOR-i.10257552.8702490069,28-01-2021
Acer Nitro 7 AN715-51-74NA [Intel Core i7-9750H] [NH.Q5HSN.004],17.499.000,KOTA JAKARTA TIMUR,2,https://shopee.co.id/Acer-Nitro-7-AN715-51-74NA-Intel-Core-i7-9750H-NH.Q5HSN.004--i.37968209.2842418548,28-01-2021
LAPTOP ACER NITRO 5 AN515 AMD RYZEN 7 4800H-RAM 8GB-SSD 512GB-4GB VGA NVIDIA,14.351.900,KOTA SURABAYA,2,https://shopee.co.id/LAPTOP-ACER-NITRO-5-AN515-AMD-RYZEN-7-4800H-RAM-8GB-SSD-512GB-4GB-VGA-NVIDIA-i.3931398.3662706760,28-01-2021
ACER PREDATOR NITRO 7 AN715 - i7-9750H 8GB 512GB GTX1650 4GB 144Hz,15.500.000,KOTA SURABAYA,1,https://shopee.co.id/ACER-PREDATOR-NITRO-7-AN715-i7-9750H-8GB-512GB-GTX1650-4GB-144Hz-i.30815881.7215487743,28-01-2021
ACER PREDATOR NITRO AN515-55 - i5-10300H 8GB 512GB GTX1650TI 4GB 144hz Windows 10 home+OHS,12.789.000,KOTA JAKARTA PUSAT,1,https://shopee.co.id/ACER-PREDATOR-NITRO-AN515-55-i5-10300H-8GB-512GB-GTX1650TI-4GB-144hz-Windows-10-home-OHS-i.27662413.3646308364,28-01-2021
ACER GAMING NITRO 5 15-54-77AS I7-9750H GTX 1660Ti SSD256 HDD1TB Mulus,14.500.000,KOTA BANDUNG,2,https://shopee.co.id/ACER-GAMING-NITRO-5-15-54-77AS-I7-9750H-GTX-1660Ti-SSD256-HDD1TB-Mulus-i.37578094.6400436110,28-01-2021
Acer Predator Nitro 5,12.199.000,KOTA PRABUMULIH,2,https://shopee.co.id/Acer-Predator-Nitro-5-i.3731977.2088155663,28-01-2021
ACER Nitro 5 AN515 55 58X3 iNTEL Ci5 10300H 8GB 512GB GTX 1650Ti W10 I Black,12.655.000,KOTA DENPASAR,3,https://shopee.co.id/ACER-Nitro-5-AN515-55-58X3-iNTEL-Ci5-10300H-8GB-512GB-GTX-1650Ti-W10-I-Black-i.4364949.3155870774,28-01-2021
Acer Predator Nitro 5 Gaming Laptop i7 Gen 8 w/ GDDR5X 1060 6 GB,15.250.000,KOTA BANDUNG,2,https://shopee.co.id/Acer-Predator-Nitro-5-Gaming-Laptop-i7-Gen-8-w-GDDR5X-1060-6-GB-i.25348905.6202657862,28-01-2021
Acer Predator Nitro 5 AN515-55 I5-10300H/8GB/512GB NVMe GTX 1650Ti W10 OHS 2019 144Hz,12.899.000,KOTA JAKARTA PUSAT,1,https://shopee.co.id/Acer-Predator-Nitro-5-AN515-55-I5-10300H-8GB-512GB-NVMe-GTX-1650Ti-W10-OHS-2019-144Hz-i.24011016.3554614863,28-01-2021
Acer Nitro 5 AN515-44 AMD Ryzen 7-4800H/16GB/512GB SSD/GTX1650Ti W10 144Hz,16.499.000,KOTA JAKARTA PUSAT,1,https://shopee.co.id/Acer-Nitro-5-AN515-44-AMD-Ryzen-7-4800H-16GB-512GB-SSD-GTX1650Ti-W10-144Hz-i.24011016.7750058173,28-01-2021
ACER PREDATOR NITRO AN515-44 - RYZEN 7-4800H 8GB 512GB GTX1650Ti 4GB windows 10 home slim bezel,15.499.000,KOTA JAKARTA PUSAT,1,https://shopee.co.id/ACER-PREDATOR-NITRO-AN515-44-RYZEN-7-4800H-8GB-512GB-GTX1650Ti-4GB-windows-10-home-slim-bezel-i.27662413.7950698574,28-01-2021
