name,price,location,sold,link,date
MSI GL65 LEOPARD 10SEK - 423ID | i7-10750H | RTX2060 6GB | 512GB NVME,21.499.000,KOTA JAKARTA BARAT,0,https://shopee.co.id/MSI-GL65-LEOPARD-10SEK-423ID-i7-10750H-RTX2060-6GB-512GB-NVME-i.41303795.7942118098,23-01-2021
"MSI GF63 THIN 9SCSR 883 - i5-9300H - 8GB - 256GB SSD - GTX1650Ti Max Q 4GB - 15""FHD - WIN10",11.599.000,KOTA JAKARTA BARAT,15,https://shopee.co.id/MSI-GF63-THIN-9SCSR-883-i5-9300H-8GB-256GB-SSD-GTX1650Ti-Max-Q-4GB-15-FHD-WIN10-i.174585297.7515514040,23-01-2021
Laptop Gaming MSI GF63 Thin 9SCSR Core i7-9750H GTX 1650Ti 8GB 512GB 15.6 Inch FHD 9S7-16R412-882,13.959.000,KOTA JAKARTA PUSAT,5,https://shopee.co.id/Laptop-Gaming-MSI-GF63-Thin-9SCSR-Core-i7-9750H-GTX-1650Ti-8GB-512GB-15.6-Inch-FHD-9S7-16R412-882-i.148846460.6853488934,23-01-2021
MSI Modern 14 B11SB i5-1135G7 8GB 512SSD MX450 2GB FHD IPS Thin Bezel Win10,12.800.000,KOTA MALANG,4,https://shopee.co.id/MSI-Modern-14-B11SB-i5-1135G7-8GB-512SSD-MX450-2GB-FHD-IPS-Thin-Bezel-Win10-i.164898651.7467409744,23-01-2021
Laptop Gaming MSI GF63 Thin 9SCSR Core i5-9300H GTX 1650Ti 8GB 256GB 15.6 Inch FHD 9S7-16R412-883,11.567.000,KOTA JAKARTA PUSAT,2,https://shopee.co.id/Laptop-Gaming-MSI-GF63-Thin-9SCSR-Core-i5-9300H-GTX-1650Ti-8GB-256GB-15.6-Inch-FHD-9S7-16R412-883-i.148846460.4653486597,23-01-2021
MSI GF63 Thin 9SCSR (9S7-16R412-882),13.499.000,KOTA JAKARTA PUSAT,6,https://shopee.co.id/MSI-GF63-Thin-9SCSR-(9S7-16R412-882)-i.95106793.3553466867,23-01-2021
"MSI GF63 Thin 10SCSR-677 - i7-10750H - 8GB - 512GB SSD - GTX1650Ti MaxQ 4GB - 15.6""FHD 144Hz - W10",14.999.000,KOTA JAKARTA BARAT,4,https://shopee.co.id/MSI-GF63-Thin-10SCSR-677-i7-10750H-8GB-512GB-SSD-GTX1650Ti-MaxQ-4GB-15.6-FHD-144Hz-W10-i.174585297.5248121584,23-01-2021
NEW MSI GF63 THIN 9SCXR - 838ID GAMING LAPTOP,10.999.000,KOTA MEDAN,1,https://shopee.co.id/NEW-MSI-GF63-THIN-9SCXR-838ID-GAMING-LAPTOP-i.13315074.3247638760,23-01-2021
NEW MSI GF63 THIN 9SCXR - 837ID THIN BEZEL GAMING NOTEBOOK,12.999.000,KOTA MEDAN,7,https://shopee.co.id/NEW-MSI-GF63-THIN-9SCXR-837ID-THIN-BEZEL-GAMING-NOTEBOOK-i.13315074.2652857128,23-01-2021
MSI GF75 Thin 9SC - 9S7-17F212-609,14.999.000,KOTA JAKARTA PUSAT,1,https://shopee.co.id/MSI-GF75-Thin-9SC-9S7-17F212-609-i.746822.6253369288,23-01-2021
MSI GF63 Thin 10SCSR (9S7-16R412-677),14.999.000,KOTA JAKARTA PUSAT,2,https://shopee.co.id/MSI-GF63-Thin-10SCSR-(9S7-16R412-677)-i.95106793.4529468906,23-01-2021
NEW MSI GF75-9RCX 270ID THIN GAMING NOTEBOOK,14.499.000,KOTA MEDAN,1,https://shopee.co.id/NEW-MSI-GF75-9RCX-270ID-THIN-GAMING-NOTEBOOK-i.13315074.2689429957,23-01-2021
MSI GF65 Thin 10SDR (9S7-16W112-845),15.999.000,KOTA JAKARTA PUSAT,3,https://shopee.co.id/MSI-GF65-Thin-10SDR-(9S7-16W112-845)-i.95106793.4942681459,23-01-2021
"MSI GF65 Thin 10SDR Core i7-10750H 144Hz Nvidia GTX1660Ti 8G 512GB SSD 15.6"" FHD 9S7-16W112-845",16.854.000,KOTA JAKARTA PUSAT,1,https://shopee.co.id/MSI-GF65-Thin-10SDR-Core-i7-10750H-144Hz-Nvidia-GTX1660Ti-8G-512GB-SSD-15.6-FHD-9S7-16W112-845-i.283257799.7953903303,23-01-2021
MSI GF65 Thin 10SDR - 845ID | i7-10750H | GTX1660Ti 6GB | 512GB SSD | 144Hz,17.819.010,KOTA JAKARTA BARAT,3,https://shopee.co.id/MSI-GF65-Thin-10SDR-845ID-i7-10750H-GTX1660Ti-6GB-512GB-SSD-144Hz-i.41303795.3642216823,23-01-2021
MSI GF75 Thin 9SC - 9S7-17F212-609,14.999.000,KOTA JAKARTA PUSAT,1,https://shopee.co.id/MSI-GF75-Thin-9SC-9S7-17F212-609-i.95106793.5253367365,23-01-2021
"MSI GF63 Thin 9RCX-622ID i7-9750H/256GB/16GB/GTX1050Ti/15"" W10",14.975.000,KOTA JAKARTA PUSAT,1,https://shopee.co.id/MSI-GF63-Thin-9RCX-622ID-i7-9750H-256GB-16GB-GTX1050Ti-15-W10-i.24011016.5434106975,23-01-2021
Laptop Gaming MSI GF63 THIN 10SCSR - 677id,15.998.000,KOTA TANGERANG SELATAN,1,https://shopee.co.id/Laptop-Gaming-MSI-GF63-THIN-10SCSR-677id-i.155149633.7543225411,23-01-2021
MSI GF63 THIN 10SCSR - 677id | i7-10750H | GTX1650Ti 4GB | 144Hz,15.839.010,KOTA JAKARTA BARAT,3,https://shopee.co.id/MSI-GF63-THIN-10SCSR-677id-i7-10750H-GTX1650Ti-4GB-144Hz-i.41303795.5442117485,23-01-2021
"MSI GF63 Thin 9SC-024ID Core i7-9750H/512GB/16GB/GTX1650/15"" W10",14.998.000,KOTA JAKARTA PUSAT,1,https://shopee.co.id/MSI-GF63-Thin-9SC-024ID-Core-i7-9750H-512GB-16GB-GTX1650-15-W10-i.24011016.7632924408,23-01-2021
MSI GF63 Thin 9RCX (9S7-16R312-622),12.899.000,KOTA JAKARTA PUSAT,5,https://shopee.co.id/MSI-GF63-Thin-9RCX-(9S7-16R312-622)-i.95106793.2684784694,23-01-2021
