name,price,location,sold,link,date
SALE Dell Inspiron 3476 Core i3-7020|4GB|1TB|VGA 2GB|WIN 10/RESMI,6.929.650,KOTA SURABAYA,2,https://shopee.co.id/SALE-Dell-Inspiron-3476-Core-i3-7020-4GB-1TB-VGA-2GB-WIN-10-RESMI-i.62641692.1959193236,19-01-2021
DELL Inspiron 5447 INTEL CORE I7-4510U RAM8GB HDD1TB WINDOWS 10,3.000.000,KOTA JAKARTA PUSAT,1,https://shopee.co.id/DELL-Inspiron-5447-INTEL-CORE-I7-4510U-RAM8GB-HDD1TB-WINDOWS-10-i.186855095.7060441040,19-01-2021
DELL INSPIRON 14-3467 4GB/1TB,3.400.000,KOTA MEDAN,1,https://shopee.co.id/DELL-INSPIRON-14-3467-4GB-1TB-i.164465638.3255822536,19-01-2021
DELL Inspiron 11-3162 Series HDD 500/2GB WIN10 Merah Merona Mulus,2.550.000,KOTA SURABAYA,3,https://shopee.co.id/DELL-Inspiron-11-3162-Series-HDD-500-2GB-WIN10-Merah-Merona-Mulus-i.19107267.7737506190,19-01-2021
"DELL Inspiron 3671 MT i7-9700 GTX 1650 8GB 1TB+256GB SSD Win10 Home + LED 19.5""",16.399.900,KOTA JAKARTA PUSAT,1,https://shopee.co.id/DELL-Inspiron-3671-MT-i7-9700-GTX-1650-8GB-1TB-256GB-SSD-Win10-Home-LED-19.5--i.85424513.5541605008,19-01-2021
Dell inspiron 3443,4.800.000,KOTA JAKARTA SELATAN,1,https://shopee.co.id/Dell-inspiron-3443-i.124680905.6235869200,19-01-2021
Dell Inspiron 11 3162 Intel N3060 2GB 500GB 11.6 Inch DOS ,4.000.000,KOTA JAKARTA BARAT,1,https://shopee.co.id/Dell-Inspiron-11-3162-Intel-N3060-2GB-500GB-11.6-Inch-DOS-i.12636180.169617721,19-01-2021
LAPTOP DELL INSPIRON 14 3000 CORE I7-8550U,7.900.000,KOTA JAKARTA BARAT,1,https://shopee.co.id/LAPTOP-DELL-INSPIRON-14-3000-CORE-I7-8550U-i.161292590.4710605428,19-01-2021
Paketan Pc Dell Inspiron Core I3 7100 Ram 8 Gb Hdd 1 Tb Murah Berkualias,3.600.000,KOTA JAKARTA TIMUR,1,https://shopee.co.id/Paketan-Pc-Dell-Inspiron-Core-I3-7100-Ram-8-Gb-Hdd-1-Tb-Murah-Berkualias-i.31519229.7255432112,19-01-2021
Dell Inspiron 5402 [Ci7-1165G7-8-512-NVD-W10-OHS-SLV] DELL OFFICIAL,15.499.000,KOTA JAKARTA PUSAT,1,https://shopee.co.id/Dell-Inspiron-5402-Ci7-1165G7-8-512-NVD-W10-OHS-SLV-DELL-OFFICIAL-i.28185347.5366159267,19-01-2021
"Laptop Dell inspiron 5448 intel core i3-5005u ram 4gb hdd 500 gb, dual vga",3.800.000,KOTA BOGOR,1,https://shopee.co.id/Laptop-Dell-inspiron-5448-intel-core-i3-5005u-ram-4gb-hdd-500-gb-dual-vga-i.163364264.4157914187,19-01-2021
DELL Inspiron 14 3467 (Core i3-7020) 4 GB HDD 1 TB  w10,5.700.000,KOTA JAKARTA PUSAT,2,https://shopee.co.id/DELL-Inspiron-14-3467-(Core-i3-7020)-4-GB-HDD-1-TB-w10-i.77745422.1399805528,19-01-2021
DELL INSPIRON 3480 i5-8265U-4GB-1TB-WIN10-14HD,7.930.000,KOTA JAKARTA PUSAT,3,https://shopee.co.id/DELL-INSPIRON-3480-i5-8265U-4GB-1TB-WIN10-14HD-i.120453187.2442747500,19-01-2021
"Dell Inspiron 5482 [14.0"", Ci3-8145U, 4GB, 1TB, Intel HD, Windows 10 SL, Grey",10.000.000,KOTA JAKARTA BARAT,17,https://shopee.co.id/Dell-Inspiron-5482-14.0-Ci3-8145U-4GB-1TB-Intel-HD-Windows-10-SL-Grey-i.155110952.6225004662,19-01-2021
laptop seken Dell inspiron 14 black,4.100.000,KAB. BLITAR,1,https://shopee.co.id/laptop-seken-Dell-inspiron-14-black-i.6561044.7656618553,19-01-2021
