name,price,location,sold,link,date
Asus ROG GL531GW i7 9750 16GB 512ssd RTX2070 8GB W10 15.6FHD 144Hz PB74,22.999.000,KOTA JAKARTA UTARA,0,https://shopee.co.id/Asus-ROG-GL531GW-i7-9750-16GB-512ssd-RTX2070-8GB-W10-15.6FHD-144Hz-PB74-i.15641210.6438221710,19-01-2021
LAPTOP ASUS TUF A15 FX506II RYZEN 5 4600 RAM8GB SSD512GB NVIDIA GTX1650Ti IPS  WINDOWS 10+OHS ORI,14.099.000,KOTA JAKARTA PUSAT,7,https://shopee.co.id/LAPTOP-ASUS-TUF-A15-FX506II-RYZEN-5-4600-RAM8GB-SSD512GB-NVIDIA-GTX1650Ti-IPS-WINDOWS-10-OHS-ORI-i.186855095.3551197968,19-01-2021
Laptop ASUS TUF F15 Core i7-10870H GTX 1650 FHD 144Hz 8GB 512GB FX506LH-I765B8T OHS W10,14.954.000,KOTA JAKARTA PUSAT,1,https://shopee.co.id/Laptop-ASUS-TUF-F15-Core-i7-10870H-GTX-1650-FHD-144Hz-8GB-512GB-FX506LH-I765B8T-OHS-W10-i.148846460.4759204404,19-01-2021
LAPTOP ASUS TUF A15 FX506II-R75TB6T-O AMD RYZEN 7-4800H-8GB DDR4-512GB SSD-4GB GTX1650Ti-Win10 OHS,16.175.000,KOTA JAKARTA PUSAT,5,https://shopee.co.id/LAPTOP-ASUS-TUF-A15-FX506II-R75TB6T-O-AMD-RYZEN-7-4800H-8GB-DDR4-512GB-SSD-4GB-GTX1650Ti-Win10-OHS-i.51459869.7934750140,19-01-2021
ASUS ROG TUF FX506II - R55TB6T / R5-4600H / GTX1650Ti 4GB,13.999.000,KOTA MEDAN,1,https://shopee.co.id/ASUS-ROG-TUF-FX506II-R55TB6T-R5-4600H-GTX1650Ti-4GB-i.34131684.6157662796,19-01-2021
Asus TUF FX506Li i5 10300 8GB 512ssd GTX1650Ti 4GB W10 15.6FHD,12.599.000,KOTA JAKARTA PUSAT,1,https://shopee.co.id/Asus-TUF-FX506Li-i5-10300-8GB-512ssd-GTX1650Ti-4GB-W10-15.6FHD-i.305307633.6367784257,19-01-2021
TUF FX505DT-R565B6T- R5-3550H|8Gb|512GB SSD|GTX1650 V4GB|Win10|RGB|15'6 144Hz,12.299.000,KOTA JAKARTA PUSAT,15,https://shopee.co.id/TUF-FX505DT-R565B6T-R5-3550H-8Gb-512GB-SSD-GTX1650-V4GB-Win10-RGB-15'6-144Hz-i.27662413.7717154379,19-01-2021
ASUS TUF FX505DT RYZEN 5-3550H Ram 8 SSD512Gb Fullset,11.450.000,KOTA JAKARTA PUSAT,3,https://shopee.co.id/ASUS-TUF-FX505DT-RYZEN-5-3550H-Ram-8-SSD512Gb-Fullset-i.64979891.6863014746,19-01-2021
ASUS TUF A15 FX506II RYZEN 5 4600 RAM8GB SSD512GB NVIDIA GTX1650Ti WINDOWS 10+OHS2019 ORIGINAL,13.999.000,KOTA JAKARTA PUSAT,14,https://shopee.co.id/ASUS-TUF-A15-FX506II-RYZEN-5-4600-RAM8GB-SSD512GB-NVIDIA-GTX1650Ti-WINDOWS-10-OHS2019-ORIGINAL-i.32829345.3449918613,19-01-2021
Asus X550V Baby ROG Core i7-7700HQ Nvidia GTX950 Gaming Laptop Second / Bekas Murah x550vx not Tuf,7.900.000,KOTA TANGERANG SELATAN,7,https://shopee.co.id/Asus-X550V-Baby-ROG-Core-i7-7700HQ-Nvidia-GTX950-Gaming-Laptop-Second-Bekas-Murah-x550vx-not-Tuf-i.6356067.7156333602,19-01-2021
"ASUS TUF A15 FX506II-R55TB6T - RYZEN 5-4600H - 8GB - 512SSD - GTX1650Ti 4GB - 15""FHD - W10 - OFFICE",14.099.000,KOTA JAKARTA BARAT,36,https://shopee.co.id/ASUS-TUF-A15-FX506II-R55TB6T-RYZEN-5-4600H-8GB-512SSD-GTX1650Ti-4GB-15-FHD-W10-OFFICE-i.30555036.5336500288,19-01-2021
ASUS TUF A15 FX506II-R55TB6T Ryzen 5-4600H GTX 1650Ti 4GB RAM 8GB 512GB 15.6 Inch FX506II-R55TB6B,13.935.000,KOTA JAKARTA PUSAT,76,https://shopee.co.id/ASUS-TUF-A15-FX506II-R55TB6T-Ryzen-5-4600H-GTX-1650Ti-4GB-RAM-8GB-512GB-15.6-Inch-FX506II-R55TB6B-i.148846460.7941557339,19-01-2021
ASUS TUF FX506IH-R565B6T,13.195.650,KOTA YOGYAKARTA,1,https://shopee.co.id/ASUS-TUF-FX506IH-R565B6T-i.33211656.5058141014,19-01-2021
Asus Tuf gameing ryzen 5 fx505dd,10.900.000,KAB. BANDUNG,2,https://shopee.co.id/Asus-Tuf-gameing-ryzen-5-fx505dd-i.79249867.5244871724,19-01-2021
Acer i5 Gen7 RAM 8GB Nvidia 940MX Dual VGA Gaming Laptop Second E5-475 / 475G not rog asus nitro tuf,5.900.000,KOTA TANGERANG SELATAN,10,https://shopee.co.id/Acer-i5-Gen7-RAM-8GB-Nvidia-940MX-Dual-VGA-Gaming-Laptop-Second-E5-475-475G-not-rog-asus-nitro-tuf-i.6356067.2766117514,19-01-2021
"Asus TUF A15 FX506IV-R9R6B6T - Ryzen 9-4900H - 8GB - 512GB SSD - RTX2060 6GB - 15"" IPS 144Hz - Win10",21.599.000,KOTA JAKARTA BARAT,1,https://shopee.co.id/Asus-TUF-A15-FX506IV-R9R6B6T-Ryzen-9-4900H-8GB-512GB-SSD-RTX2060-6GB-15-IPS-144Hz-Win10-i.30555036.5544578034,19-01-2021
ASUS TUF GAMING VG259QM 24.5 inch FHD 280Hz 1ms G-sync Gaming Monitor,5.779.000,KOTA JAKARTA BARAT,1,https://shopee.co.id/ASUS-TUF-GAMING-VG259QM-24.5-inch-FHD-280Hz-1ms-G-sync-Gaming-Monitor-i.77540206.3553851943,19-01-2021
ASUS TUF GAMING A15 FX506IV-R9R6B6T - RYZEN 9-4900H - 8GB - 512SSD - RTX2060 6GB - WIN10 - FHD 144Hz,21.599.000,KOTA JAKARTA BARAT,2,https://shopee.co.id/ASUS-TUF-GAMING-A15-FX506IV-R9R6B6T-RYZEN-9-4900H-8GB-512SSD-RTX2060-6GB-WIN10-FHD-144Hz-i.174585297.5844578446,19-01-2021
"ASUS TUF GAMING F15 FX506LH - i7-10870H - 8GB - 512SSD - GTX1650 4GB - 15.6""FHD 144Hz - W10 - OFFICE",15.799.000,KOTA JAKARTA BARAT,1,https://shopee.co.id/ASUS-TUF-GAMING-F15-FX506LH-i7-10870H-8GB-512SSD-GTX1650-4GB-15.6-FHD-144Hz-W10-OFFICE-i.30555036.5755741556,19-01-2021
ASUS GAMING TUF FX505GD CORE I7-8750H NVIDIA GTX 1050 Ram 8gb HDD 1TB Mulus Slim,11.750.000,KOTA BANDUNG,2,https://shopee.co.id/ASUS-GAMING-TUF-FX505GD-CORE-I7-8750H-NVIDIA-GTX-1050-Ram-8gb-HDD-1TB-Mulus-Slim-i.37578094.5136606949,19-01-2021
Asus TUF FX506IU-R766B7T -O Gaming [Ryzen 7-4800H/ 8GB/ 256GB SSD + 1TB HDD/ GTX1660Ti-6GB/W10+OHS],17.150.000,KOTA JAKARTA BARAT,2,https://shopee.co.id/Asus-TUF-FX506IU-R766B7T-O-Gaming-Ryzen-7-4800H-8GB-256GB-SSD-1TB-HDD-GTX1660Ti-6GB-W10-OHS--i.146339048.7124669757,19-01-2021
Asus ROG TUF FX504GD Gaming Laptop i7 Gen 8 w/ GDDR5X 1050,11.950.000,KOTA BANDUNG,3,https://shopee.co.id/Asus-ROG-TUF-FX504GD-Gaming-Laptop-i7-Gen-8-w-GDDR5X-1050-i.25348905.1987150827,19-01-2021
ASUS TUF GAMING F15 FX506LH-I765B6T i7-10750H 8GB 512GB GTX1650 W10,15.500.000,KOTA JAKARTA PUSAT,1,https://shopee.co.id/ASUS-TUF-GAMING-F15-FX506LH-I765B6T-i7-10750H-8GB-512GB-GTX1650-W10-i.120453187.7150172875,19-01-2021
NEW ASUS TUF GAMING A15 FX506IV-R7R6B6T,19.999.000,KOTA MEDAN,1,https://shopee.co.id/NEW-ASUS-TUF-GAMING-A15-FX506IV-R7R6B6T-i.13315074.6233677897,19-01-2021
"ASUS TUF FX506II-R55TB6T RYZEN 5-4600H 8GB 512GB GTX1650Ti WIN10 15.6"" - Fortress Gray",13.645.000,KOTA JAKARTA PUSAT,1,https://shopee.co.id/ASUS-TUF-FX506II-R55TB6T-RYZEN-5-4600H-8GB-512GB-GTX1650Ti-WIN10-15.6-Fortress-Gray-i.47045592.4737967757,19-01-2021
TUF A15 FX506IU-R766B7T RYZEN7-4800H/8GB/1TB+256GB/GTX1660Ti 6GB,16.999.000,KOTA SURABAYA,1,https://shopee.co.id/TUF-A15-FX506IU-R766B7T-RYZEN7-4800H-8GB-1TB-256GB-GTX1660Ti-6GB-i.33376824.7639028936,19-01-2021
ASUS TUF FX506II-R75TB6T Ryzen 7-4800H/16GB/512GB SSD/1650Ti/W10 144Hz,17.199.000,KOTA JAKARTA PUSAT,1,https://shopee.co.id/ASUS-TUF-FX506II-R75TB6T-Ryzen-7-4800H-16GB-512GB-SSD-1650Ti-W10-144Hz-i.24011016.4052257510,19-01-2021
"ASUS TUF GAMING F15 FX506LH - i7-10870H - 8GB - 512SSD - GTX 1650 4GB - 15""FHD 144Hz - WIN10",15.799.000,KOTA JAKARTA BARAT,2,https://shopee.co.id/ASUS-TUF-GAMING-F15-FX506LH-i7-10870H-8GB-512SSD-GTX-1650-4GB-15-FHD-144Hz-WIN10-i.174585297.2880123121,19-01-2021
Asus ROG GL503VD Gaming Laptop i7 GDDR5X 1050 IPS Not GL553VD G531GD G531GT G512LI TUF A15 Omen 15,12.999.000,KOTA BANDUNG,10,https://shopee.co.id/Asus-ROG-GL503VD-Gaming-Laptop-i7-GDDR5X-1050-IPS-Not-GL553VD-G531GD-G531GT-G512LI-TUF-A15-Omen-15-i.25348905.840839305,19-01-2021
ASUS TUF FX506IV RYZEN 7-4800H 16GB 512GB RTX2060 W10 15.6FHD,17.399.000,KOTA JAKARTA PUSAT,4,https://shopee.co.id/ASUS-TUF-FX506IV-RYZEN-7-4800H-16GB-512GB-RTX2060-W10-15.6FHD-i.269581133.3463175088,19-01-2021
ASUS TUF A15 FX506IV-R7R6B6T - R7-4800H 8GB 512GB RTX2060 WIN10 144Hz,19.990.000,KOTA JAKARTA PUSAT,1,https://shopee.co.id/ASUS-TUF-A15-FX506IV-R7R6B6T-R7-4800H-8GB-512GB-RTX2060-WIN10-144Hz-i.56983549.3637271644,19-01-2021
ASUS TUF GAMING A15 FX506II RYZEN 7 4800H 8GB 512GB GTX1650Ti 4GB W10,16.899.000,KOTA JAKARTA PUSAT,1,https://shopee.co.id/ASUS-TUF-GAMING-A15-FX506II-RYZEN-7-4800H-8GB-512GB-GTX1650Ti-4GB-W10-i.27662413.4335928584,19-01-2021
ASUS TUF GAMING A15 FX506II - 144Hz AMD Ryzen 5 4600H GTX1650Ti 4GB W10,13.499.000,KOTA JAKARTA UTARA,1,https://shopee.co.id/ASUS-TUF-GAMING-A15-FX506II-144Hz-AMD-Ryzen-5-4600H-GTX1650Ti-4GB-W10-i.256227492.5143008482,19-01-2021
ASUS TUF FX506IU R766B7T-O Ryzen 7 4800H 1TB SSD 256GB GTX1660Ti 6Gb W10 OHS,17.625.000,KOTA PALEMBANG,1,https://shopee.co.id/ASUS-TUF-FX506IU-R766B7T-O-Ryzen-7-4800H-1TB-SSD-256GB-GTX1660Ti-6Gb-W10-OHS-i.148017040.4037745248,19-01-2021
Asus TUF FX506iV Ryzen 7 4800H 8GB 512ssd RTX2060 6GB W10 15.6FHD Grey,16.899.000,KOTA BEKASI,3,https://shopee.co.id/Asus-TUF-FX506iV-Ryzen-7-4800H-8GB-512ssd-RTX2060-6GB-W10-15.6FHD-Grey-i.319647164.7958535203,19-01-2021
ASUS TUF Gaming VG27AQ HDR Gaming Monitor - WQHD 165hz 1ms HDR10,6.799.000,KOTA JAKARTA PUSAT,1,https://shopee.co.id/ASUS-TUF-Gaming-VG27AQ-HDR-Gaming-Monitor-WQHD-165hz-1ms-HDR10-i.17848870.7804226151,19-01-2021
Asus TUF FX505GD Super Gaming Laptop i7 GDDR5X 1050,13.800.000,KOTA BANDUNG,1,https://shopee.co.id/Asus-TUF-FX505GD-Super-Gaming-Laptop-i7-GDDR5X-1050-i.25348905.5019634941,19-01-2021
"Asus Tuf Gaming Vg279Qm Hdr Monitor – 27 Inch Fullhd (1920 X 1080), Fast Ips, Overclockable 280Hz",6.199.000,KOTA JAKARTA PUSAT,3,https://shopee.co.id/Asus-Tuf-Gaming-Vg279Qm-Hdr-Monitor-–-27-Inch-Fullhd-(1920-X-1080)-Fast-Ips-Overclockable-280Hz-i.300587597.4850705635,19-01-2021
"Asus Tuf A15 FX506IV Ryzen 7-4800H 8GB 512GB RTX2060 6GB Win10 15,6 FHD",16.899.000,KOTA JAKARTA PUSAT,2,https://shopee.co.id/Asus-Tuf-A15-FX506IV-Ryzen-7-4800H-8GB-512GB-RTX2060-6GB-Win10-15-6-FHD-i.269581133.6748003221,19-01-2021
"ASUS TUF A15 - FX506 IV R9R6B6T | 15,6"" | R9-4900H | RTX 2060 6GB | RAM 8GB | Windows 10 HOME",21.599.000,KOTA JAKARTA UTARA,2,https://shopee.co.id/ASUS-TUF-A15-FX506-IV-R9R6B6T-15-6-R9-4900H-RTX-2060-6GB-RAM-8GB-Windows-10-HOME-i.86803663.7341849491,19-01-2021
"TUF Gaming VG27AQL1A Gaming Monitor –27 inch WQHD (2560x1440), IPS,170Hz (above 144Hz)",7.299.000,KOTA JAKARTA PUSAT,1,https://shopee.co.id/TUF-Gaming-VG27AQL1A-Gaming-Monitor-–27-inch-WQHD-(2560x1440)-IPS-170Hz-(above-144Hz)-i.300587597.6256968844,19-01-2021
ASUS TUF GAMING A15 FX506IU-R766B7T - AMD Ryzen 7-4800H 8GB 1TB+256ssd GTX1660Ti 6GB W10 15.6FHD OHS,17.799.000,KOTA MAKASSAR,1,https://shopee.co.id/ASUS-TUF-GAMING-A15-FX506IU-R766B7T-AMD-Ryzen-7-4800H-8GB-1TB-256ssd-GTX1660Ti-6GB-W10-15.6FHD-OHS-i.43209604.6037490465,19-01-2021
"Asus Tuf Gaming Vg27Vq Curved Gaming Monitor – 27 Inch Full Hd (1920X1080), 165Hz",5.000.000,KOTA JAKARTA PUSAT,1,https://shopee.co.id/Asus-Tuf-Gaming-Vg27Vq-Curved-Gaming-Monitor-–-27-Inch-Full-Hd-(1920X1080)-165Hz-i.300587597.6850881136,19-01-2021
Asus TUF Gaming A15 FX506IV Ryzen 7 4800H 16GB 512ssd RTX2060 6GB Win10,17.399.000,KOTA JAKARTA PUSAT,1,https://shopee.co.id/Asus-TUF-Gaming-A15-FX506IV-Ryzen-7-4800H-16GB-512ssd-RTX2060-6GB-Win10-i.264524770.6051682416,19-01-2021
"Asus Tuf Gaming Vg32Vq Curved Hdr Gaming Monitor – 32 Inch Wqhd (2560X1440), 144Hz",7.349.000,KOTA JAKARTA PUSAT,1,https://shopee.co.id/Asus-Tuf-Gaming-Vg32Vq-Curved-Hdr-Gaming-Monitor-–-32-Inch-Wqhd-(2560X1440)-144Hz-i.300587597.6150704462,19-01-2021
