name,price,location,sold,link,date
Asus Vivobook K413EA AM351TS i3 1115G4 8GB 512ssd W10+OHS 14.0FHD,9.199.000,KOTA JAKARTA UTARA,0,https://shopee.co.id/Asus-Vivobook-K413EA-AM351TS-i3-1115G4-8GB-512ssd-W10-OHS-14.0FHD-i.250649369.8511116767,28-01-2021
ASUS VIVOBOOK A412U/A412FA INTEL PENTIUM GOLD 5405U RAM4GB SSD512/HDD1TB 14 FHD WINDOWS 10,6.499.000,KOTA JAKARTA PUSAT,940,https://shopee.co.id/ASUS-VIVOBOOK-A412U-A412FA-INTEL-PENTIUM-GOLD-5405U-RAM4GB-SSD512-HDD1TB-14-FHD-WINDOWS-10-i.32829345.4500595863,28-01-2021
ASUS VIVOBOOK A416MA N4020 RAM8GB HDD1TB INTEL UHD GRAPHIC WINDOWS + OFFICE 2019 ORIGINAL,5.999.000,KOTA JAKARTA PUSAT,"1,1RB",https://shopee.co.id/ASUS-VIVOBOOK-A416MA-N4020-RAM8GB-HDD1TB-INTEL-UHD-GRAPHIC-WINDOWS-OFFICE-2019-ORIGINAL-i.32829345.1358485680,28-01-2021
LAPTOP ASUS VIVOBOOK A412FA Intel Pentium Gold 5405U 14''FHD / 1TB HDD + 256 SSD/  WIN 10,7.175.000,KOTA JAKARTA PUSAT,226,https://shopee.co.id/LAPTOP-ASUS-VIVOBOOK-A412FA-Intel-Pentium-Gold-5405U-14''FHD-1TB-HDD-256-SSD-WIN-10-i.141973518.6913724262,28-01-2021
"ASUS VIVOBOOK A412FA - INTEL PENTIUM GOLD 5405U -  4GB - 1TB - BACKLIT KB - 14""FHD - WIN10",6.399.000,KOTA JAKARTA BARAT,291,https://shopee.co.id/ASUS-VIVOBOOK-A412FA-INTEL-PENTIUM-GOLD-5405U-4GB-1TB-BACKLIT-KB-14-FHD-WIN10-i.174585297.7924738200,28-01-2021
"Laptop Asus Vivobook A412FA Pentium Gold 5450U.Led 14"" FHD.Win 10.OHS",6.999.000,KOTA BOGOR,1,https://shopee.co.id/Laptop-Asus-Vivobook-A412FA-Pentium-Gold-5450U.Led-14-FHD.Win-10.OHS-i.206148480.9206397956,28-01-2021
"ASUS VIVOBOOK A412FA - INTEL PENTIUM GOLD 5405U - 4GB - 1TB HDD - BACKLIT KB - 14""FHD - WIN10",6.499.000,KOTA JAKARTA BARAT,116,https://shopee.co.id/ASUS-VIVOBOOK-A412FA-INTEL-PENTIUM-GOLD-5405U-4GB-1TB-HDD-BACKLIT-KB-14-FHD-WIN10-i.30555036.3908289933,28-01-2021
"LAPTOP ASUS VIVOBOOK A412FA - INTEL PENTIUM GOLD 5405U - 4GB - 512GB SSD - BACKLIT -14""FHD - W10",6.999.000,KOTA JAKARTA BARAT,180,https://shopee.co.id/LAPTOP-ASUS-VIVOBOOK-A412FA-INTEL-PENTIUM-GOLD-5405U-4GB-512GB-SSD-BACKLIT-14-FHD-W10-i.174585297.6008193966,28-01-2021
"LAPTOP ASUS VIVOBOOK A412FA-EK54051T intel Gold 5405U- 4GB DDR4- 512GB SSD-14""FHD Win10",7.045.000,KOTA JAKARTA PUSAT,141,https://shopee.co.id/LAPTOP-ASUS-VIVOBOOK-A412FA-EK54051T-intel-Gold-5405U-4GB-DDR4-512GB-SSD-14-FHD-Win10-i.51459869.5314526403,28-01-2021
LAPTOP ASUS VIVOBOOK A412FA Intel Pentium GOLD N5405U RAM8GB HDD1TB 14FHD WINDOWS 10 ORI,6.499.000,KOTA JAKARTA PUSAT,71,https://shopee.co.id/LAPTOP-ASUS-VIVOBOOK-A412FA-Intel-Pentium-GOLD-N5405U-RAM8GB-HDD1TB-14FHD-WINDOWS-10-ORI-i.186855095.5700817915,28-01-2021
"ASUS VIVOBOOK K413EQ - i5-1135G7 - 8GB - 512GB SSD - NVIDIA MX350 2GB - 14""FHD - WIN10 - OFFICE",12.099.000,KOTA JAKARTA BARAT,121,https://shopee.co.id/ASUS-VIVOBOOK-K413EQ-i5-1135G7-8GB-512GB-SSD-NVIDIA-MX350-2GB-14-FHD-WIN10-OFFICE-i.30555036.997576429,28-01-2021
Laptop Asus Vivobook Max A407M Intel Celeron N4000 Ram 4gb Hdd 1Tb,4.150.000,KOTA BOGOR,6,https://shopee.co.id/Laptop-Asus-Vivobook-Max-A407M-Intel-Celeron-N4000-Ram-4gb-Hdd-1Tb-i.163364264.7863811337,28-01-2021
"Laptop ASUS VivoBook A412FA-EK54051T Pentium Gold 5405U 14"" FHD 4GB 512GB SSD A412FA-EK54052IPS",7.045.000,KOTA JAKARTA PUSAT,41,https://shopee.co.id/Laptop-ASUS-VivoBook-A412FA-EK54051T-Pentium-Gold-5405U-14-FHD-4GB-512GB-SSD-A412FA-EK54052IPS-i.148846460.5347660167,28-01-2021
"LAPTOP ASUS VIVOBOOK A412FA-EK54011IPS INTEL GOLD 5405U 4GB DDR4 1TB HDD 14""FHD IPS Win10",6.825.000,KOTA JAKARTA PUSAT,36,https://shopee.co.id/LAPTOP-ASUS-VIVOBOOK-A412FA-EK54011IPS-INTEL-GOLD-5405U-4GB-DDR4-1TB-HDD-14-FHD-IPS-Win10-i.51459869.4039718733,28-01-2021
Laptop Asus Vivobook A416JA-BV352TS i3 1005G1 4GB 512ssd W10+OHS 14 HD,8.050.000,KOTA JAKARTA PUSAT,100,https://shopee.co.id/Laptop-Asus-Vivobook-A416JA-BV352TS-i3-1005G1-4GB-512ssd-W10-OHS-14-HD-i.148846460.4720557440,28-01-2021
"LAPTOP ASUS VIVOBOOK K413FQ i5-10210U 8GB 512GB MX350 2GB 14"" FHD W10",12.583.000,KOTA JAKARTA PUSAT,8,https://shopee.co.id/LAPTOP-ASUS-VIVOBOOK-K413FQ-i5-10210U-8GB-512GB-MX350-2GB-14-FHD-W10-i.27662413.7145101132,28-01-2021
"LAPTOP ASUS VivoBook K413EQ-EB751TS I7-1165G7 8GB, 512GB SSD, 2GB MX350, 14""FHD WIN10 OHS",14.790.000,KOTA JAKARTA PUSAT,2,https://shopee.co.id/LAPTOP-ASUS-VivoBook-K413EQ-EB751TS-I7-1165G7-8GB-512GB-SSD-2GB-MX350-14-FHD-WIN10-OHS-i.51459869.5362292935,28-01-2021
"LAPTOP ASUS VIVOBOOK A407U CORE I3-7020U/4GB/1TB/14""/FINGER PRINT",6.000.000,KOTA JAKARTA BARAT,1,https://shopee.co.id/LAPTOP-ASUS-VIVOBOOK-A407U-CORE-I3-7020U-4GB-1TB-14-FINGER-PRINT-i.127463640.1924507668,28-01-2021
Laptop Asus Vivobook A442UR Core i5-8250u Generasi 8 Coffelake VGA Nvidia 2GB HDD 1TB,6.700.000,KOTA BOGOR,1,https://shopee.co.id/Laptop-Asus-Vivobook-A442UR-Core-i5-8250u-Generasi-8-Coffelake-VGA-Nvidia-2GB-HDD-1TB-i.206148480.5456301410,28-01-2021
"LAPTOP ASUS VIVOBOOK K413EA - i3-1115G4 - 8GB - 512SSD - FINGERPRINT - 14""FHD IPS - WIN10 - OFFIC",9.199.000,KOTA JAKARTA BARAT,5,https://shopee.co.id/LAPTOP-ASUS-VIVOBOOK-K413EA-i3-1115G4-8GB-512SSD-FINGERPRINT-14-FHD-IPS-WIN10-OFFIC-i.174585297.3348752403,28-01-2021
LAPTOP ASUS VIVOBOOK F512DA-RYZEN 3-3200U-4GB-128GB-FHD-WIN10 GREY,7.310.000,KAB. TANGERANG,1,https://shopee.co.id/LAPTOP-ASUS-VIVOBOOK-F512DA-RYZEN-3-3200U-4GB-128GB-FHD-WIN10-GREY-i.33504688.7232683182,28-01-2021
"LAPTOP ASUS VIVOBOOK A412FL-EK511T i5-10210U|4GB DDR4|1TB HDD|2GB MX250|14""FHD|Win10",10.825.000,KOTA JAKARTA PUSAT,4,https://shopee.co.id/LAPTOP-ASUS-VIVOBOOK-A412FL-EK511T-i5-10210U-4GB-DDR4-1TB-HDD-2GB-MX250-14-FHD-Win10-i.51459869.5438864579,28-01-2021
"LAPTOP ASUS VIVOBOOK A412FL i7 10510U 8GB 1TB +256SSD MX250 2GB 14"" FHD WIN10",13.699.000,KOTA JAKARTA PUSAT,4,https://shopee.co.id/LAPTOP-ASUS-VIVOBOOK-A412FL-i7-10510U-8GB-1TB-256SSD-MX250-2GB-14-FHD-WIN10-i.141973518.2733067633,28-01-2021
"Laptop ASUS Vivobook A412FL i5-10210U 4GB 1TB HDD MX250 2GB 14"" W10",10.599.000,KOTA JAKARTA PUSAT,2,https://shopee.co.id/Laptop-ASUS-Vivobook-A412FL-i5-10210U-4GB-1TB-HDD-MX250-2GB-14-W10-i.80737435.7739071299,28-01-2021
"LAPTOP ASUS VivoBook K413EQ-EB752TS I7-1165G7, 8GB, 512GB SSD, 2GB MX350, 14""FHD WIN10 OHS",14.590.000,KOTA JAKARTA PUSAT,4,https://shopee.co.id/LAPTOP-ASUS-VivoBook-K413EQ-EB752TS-I7-1165G7-8GB-512GB-SSD-2GB-MX350-14-FHD-WIN10-OHS-i.51459869.4448125765,28-01-2021
Laptop Asus Vivobook Max A407MA.Intel N4000.Ram 4GB.Hdd 1TB.Win 10 Original.Garansi 10-2021.Bogor,4.350.000,KOTA BOGOR,1,https://shopee.co.id/Laptop-Asus-Vivobook-Max-A407MA.Intel-N4000.Ram-4GB.Hdd-1TB.Win-10-Original.Garansi-10-2021.Bogor-i.206148480.3733279034,28-01-2021
ASUS VIVOBOOK FLIP 14 TP401MA INTEL N4020 RAM4GB SSD 256GB 14 TOUCHSCREEN WINDOWS 10+OFFICE ORIGINAL,7.499.000,KOTA JAKARTA PUSAT,64,https://shopee.co.id/ASUS-VIVOBOOK-FLIP-14-TP401MA-INTEL-N4020-RAM4GB-SSD-256GB-14-TOUCHSCREEN-WINDOWS-10-OFFICE-ORIGINAL-i.32829345.3239748961,28-01-2021
Asus Vivobook A416MA EB421TS/EB422TS N4020 4GB 256ssd W10+OHS 14.0FHD IPS,5.899.000,KOTA JAKARTA UTARA,1,https://shopee.co.id/Asus-Vivobook-A416MA-EB421TS-EB422TS-N4020-4GB-256ssd-W10-OHS-14.0FHD-IPS-i.250649369.7276549265,28-01-2021
ASUS Vivobook Ultra A412FA Pentium Gold 5405U 4GB 512ssd W10 14FHD -EK54051T/EK54052T/EK54053T,6.599.000,KOTA JAKARTA UTARA,5,https://shopee.co.id/ASUS-Vivobook-Ultra-A412FA-Pentium-Gold-5405U-4GB-512ssd-W10-14FHD-EK54051T-EK54052T-EK54053T-i.250649369.5329853017,28-01-2021
ASUS VIVOBOOK E410MA INTEL N4020 RAM4GB SSD512GB 14FHD IPS WINDOWS 10+OFFICE ORIGINAL,5.990.000,KOTA JAKARTA PUSAT,52,https://shopee.co.id/ASUS-VIVOBOOK-E410MA-INTEL-N4020-RAM4GB-SSD512GB-14FHD-IPS-WINDOWS-10-OFFICE-ORIGINAL-i.32829345.4247742882,28-01-2021
"ASUS VIVOBOOK A416MA DUALCORE N4020 4GB 1TB HDD INTEL HD 14"" FHD IPS OHS W10",5.826.000,KOTA JAKARTA PUSAT,1,https://shopee.co.id/ASUS-VIVOBOOK-A416MA-DUALCORE-N4020-4GB-1TB-HDD-INTEL-HD-14-FHD-IPS-OHS-W10-i.27662413.3277770626,28-01-2021
ASUS VIVOBOOK A416JA INTEL CORE i3 1005G1 RAM8GB HDD1TB WINDOWS 10+OFFICE ORIGINAL,7.329.000,KOTA JAKARTA PUSAT,94,https://shopee.co.id/ASUS-VIVOBOOK-A416JA-INTEL-CORE-i3-1005G1-RAM8GB-HDD1TB-WINDOWS-10-OFFICE-ORIGINAL-i.32829345.2737985060,28-01-2021
ASUS VIVOBOOK E410MA PRE INSTALLED OFFICE 2019 HOME STUDENT ORIGINAL,6.099.000,KOTA JAKARTA SELATAN,2,https://shopee.co.id/ASUS-VIVOBOOK-E410MA-PRE-INSTALLED-OFFICE-2019-HOME-STUDENT-ORIGINAL-i.257997524.3460632896,28-01-2021
"ASUS Vivobook K413EQ-EB753TS 14"" FHD/Intel Core i7-1165G7/8GB/512GB SSD/Nvidia GeForce MX350/WIN 10",13.755.000,KOTA JAKARTA BARAT,1,https://shopee.co.id/ASUS-Vivobook-K413EQ-EB753TS-14-FHD-Intel-Core-i7-1165G7-8GB-512GB-SSD-Nvidia-GeForce-MX350-WIN-10-i.5677801.7474235257,28-01-2021
"LAPTOP ASUS VIVOBOOK A412FL-EK513T i5-10210U|4GB DDR4|1TB HDD|2GB MX250|14""FHD|Win10",10.689.000,KOTA JAKARTA PUSAT,5,https://shopee.co.id/LAPTOP-ASUS-VIVOBOOK-A412FL-EK513T-i5-10210U-4GB-DDR4-1TB-HDD-2GB-MX250-14-FHD-Win10-i.51459869.6938864203,28-01-2021
"ASUS VivoBook A412FA - PENTIUM GOLD N5405U 4GB 1TB WIN10 14""FHD",6.890.000,KOTA JAKARTA PUSAT,3,https://shopee.co.id/ASUS-VivoBook-A412FA-PENTIUM-GOLD-N5405U-4GB-1TB-WIN10-14-FHD-i.56983549.4950645496,28-01-2021
ASUS VIVOBOOK F412DA / A412DA Ryzen 7 3700 8GB 512ssd Vega10 W10 14.0FHD,10.399.000,KOTA JAKARTA PUSAT,1,https://shopee.co.id/ASUS-VIVOBOOK-F412DA-A412DA-Ryzen-7-3700-8GB-512ssd-Vega10-W10-14.0FHD-i.270342862.5063305603,28-01-2021
ASUS VIVOBOOK K413FQ EK701T i710510 8GB 512GB SSD MX350 2GB IPS FHD WIN10 GARANSI RESMI,14.899.000,KOTA JAKARTA PUSAT,2,https://shopee.co.id/ASUS-VIVOBOOK-K413FQ-EK701T-i710510-8GB-512GB-SSD-MX350-2GB-IPS-FHD-WIN10-GARANSI-RESMI-i.161934666.6049371800,28-01-2021
ASUS VIVOBOOK K413EQ INTEL CORE I5 1135G7 RAM8GB SSD512GB NVIDIA MX350 WINDOWS 10 ORIGINAL + OFFICE,12.299.000,KOTA JAKARTA PUSAT,11,https://shopee.co.id/ASUS-VIVOBOOK-K413EQ-INTEL-CORE-I5-1135G7-RAM8GB-SSD512GB-NVIDIA-MX350-WINDOWS-10-ORIGINAL-OFFICE-i.32829345.4649487056,28-01-2021
"ASUS VIVOBOOK M413DA - RYZEN 3-3250U 8GB 512GB SSD VEGA 3 WIN10 14""FHD",8.900.000,KOTA JAKARTA PUSAT,1,https://shopee.co.id/ASUS-VIVOBOOK-M413DA-RYZEN-3-3250U-8GB-512GB-SSD-VEGA-3-WIN10-14-FHD-i.120447940.6650304080,28-01-2021
"ASUS VIVOBOOK A407UF Core i5 8250u/RAM 8GB/SSHD 1TB/Nvidia Geforce MX130 2GB GDDR5 14"" HD Bezelles",6.900.000,KOTA JAKARTA UTARA,1,https://shopee.co.id/ASUS-VIVOBOOK-A407UF-Core-i5-8250u-RAM-8GB-SSHD-1TB-Nvidia-Geforce-MX130-2GB-GDDR5-14-HD-Bezelles-i.156073535.4346405531,28-01-2021
Notebook Asus Vivobook A409JB BV322T,6.925.000,KOTA JAKARTA SELATAN,1,https://shopee.co.id/Notebook-Asus-Vivobook-A409JB-BV322T-i.6819152.7722689209,28-01-2021
ASUS VIVOBOOK A412FL i5-8265U 8Gb Ram + 512 Ssd Like New,8.680.000,KOTA JAKARTA PUSAT,1,https://shopee.co.id/ASUS-VIVOBOOK-A412FL-i5-8265U-8Gb-Ram-512-Ssd-Like-New-i.64979891.5551215616,28-01-2021
ASUS VIVOBOOK A412FA INTEL PENTIUM GOLD 5405U RAM8GB SSD512GB FHD Windows 10 ORIGINAL,7.099.000,KOTA JAKARTA PUSAT,5,https://shopee.co.id/ASUS-VIVOBOOK-A412FA-INTEL-PENTIUM-GOLD-5405U-RAM8GB-SSD512GB-FHD-Windows-10-ORIGINAL-i.32829345.6417711875,28-01-2021
ASUS VivoBook A12FL-EK551T / EK552T / EK553T Core i5-10210U MX250 / 8GB /512GB W10,12.499.000,KOTA JAKARTA PUSAT,1,https://shopee.co.id/ASUS-VivoBook-A12FL-EK551T-EK552T-EK553T-Core-i5-10210U-MX250-8GB-512GB-W10-i.24011016.4229068190,28-01-2021
ASUS VIVOBOOK Asus A412FL EK511T i5 10210 4GB 1TB MX250 2GB W10 14.0FHD FP Blit,10.099.000,KOTA JAKARTA PUSAT,1,https://shopee.co.id/ASUS-VIVOBOOK-Asus-A412FL-EK511T-i5-10210-4GB-1TB-MX250-2GB-W10-14.0FHD-FP-Blit-i.270342862.5439056614,28-01-2021
"Asus Vivobook S433EQ Core i7-1165G7 8GB 512GB SSD Mvidia MX350 2GB WIN10 FREE OHS 14"" FHD EB752TS",15.192.000,KOTA JAKARTA PUSAT,1,https://shopee.co.id/Asus-Vivobook-S433EQ-Core-i7-1165G7-8GB-512GB-SSD-Mvidia-MX350-2GB-WIN10-FREE-OHS-14-FHD-EB752TS-i.283257799.6770532906,28-01-2021
Asus Vivobook E203mah Likenew Mulus No Minus Msh Seperti baru,3.290.000,KOTA BOGOR,5,https://shopee.co.id/Asus-Vivobook-E203mah-Likenew-Mulus-No-Minus-Msh-Seperti-baru-i.206148480.3234135567,28-01-2021
Asus VivoBook A412FA-EK54012T - Grey [Pentium 5405U-4GB-1TB-W10],6.599.000,KOTA YOGYAKARTA,1,https://shopee.co.id/Asus-VivoBook-A412FA-EK54012T-Grey-Pentium-5405U-4GB-1TB-W10--i.29339583.3849976106,28-01-2021
"ASUS VIVOBOOK ULTRA 14 K413FQ + OHS 2019 [i7-10510u/8GB/512GB/14""FHD/MX350-2GB]",13.999.000,KOTA MEDAN,1,https://shopee.co.id/ASUS-VIVOBOOK-ULTRA-14-K413FQ-OHS-2019-i7-10510u-8GB-512GB-14-FHD-MX350-2GB--i.13315074.6749249425,28-01-2021
Asus Vivobook Max X441MA-N4000/Ram 4GB/HDD 1000GB/14inch/Win10 Ori,4.990.000,KOTA BOGOR,1,https://shopee.co.id/Asus-Vivobook-Max-X441MA-N4000-Ram-4GB-HDD-1000GB-14inch-Win10-Ori-i.206148480.4973930021,28-01-2021
Asus VivoBook M409MA-BV111T Intel Celeron N4000 RAM 4GB HDD 1TB,5.499.000,KOTA SEMARANG,1,https://shopee.co.id/Asus-VivoBook-M409MA-BV111T-Intel-Celeron-N4000-RAM-4GB-HDD-1TB-i.162756018.3949272329,28-01-2021
ASUS VIVOBOOK K413EQ INTEL CORE i7 1165G7 RAM8GB SSD512GB NVIDIA MX350 WINDOWS + OFFICE ORIGINAL,14.399.000,KOTA JAKARTA PUSAT,1,https://shopee.co.id/ASUS-VIVOBOOK-K413EQ-INTEL-CORE-i7-1165G7-RAM8GB-SSD512GB-NVIDIA-MX350-WINDOWS-OFFICE-ORIGINAL-i.32829345.9400845677,28-01-2021
"ASUS VIVOBOOK A412FA-EK54011T /Pentium Gold 5405U/RAM 4GB/HDD 1TB/14""/WIN 10/GARANSI RESMI",6.492.501,KOTA SURABAYA,4,https://shopee.co.id/ASUS-VIVOBOOK-A412FA-EK54011T-Pentium-Gold-5405U-RAM-4GB-HDD-1TB-14-WIN-10-GARANSI-RESMI-i.62641692.7750654945,28-01-2021
ASUS VivoBook Pentium Gold A412FA-EK54011T Intel N5405U 4GB 1TB 14 Inch FHD A412FA-EK54012T EK54013T,6.341.000,KOTA JAKARTA PUSAT,38,https://shopee.co.id/ASUS-VivoBook-Pentium-Gold-A412FA-EK54011T-Intel-N5405U-4GB-1TB-14-Inch-FHD-A412FA-EK54012T-EK54013T-i.148846460.4145264450,28-01-2021
ASUS VIVOBOOK A409MA/4GB/256GB SSD/INTEL N4000,5.999.000,KOTA TANGERANG,3,https://shopee.co.id/ASUS-VIVOBOOK-A409MA-4GB-256GB-SSD-INTEL-N4000-i.55569555.7143001989,28-01-2021
Asus Vivobook X441MA Intel N4020 Ram4GB HDD1TB Intel HD Graphic Windows 10 Original,5.299.000,KOTA JAKARTA BARAT,1,https://shopee.co.id/Asus-Vivobook-X441MA-Intel-N4020-Ram4GB-HDD1TB-Intel-HD-Graphic-Windows-10-Original-i.13707799.6463416985,28-01-2021
ASUS VIVOBOOK A412FA INTEL PENTIUM GOLD N5405U RAM4GB SSD512GB SSD 14 FHD WINDOWS 10 ORIGINAL,7.099.000,KOTA JAKARTA PUSAT,1,https://shopee.co.id/ASUS-VIVOBOOK-A412FA-INTEL-PENTIUM-GOLD-N5405U-RAM4GB-SSD512GB-SSD-14-FHD-WINDOWS-10-ORIGINAL-i.186855095.3932890043,28-01-2021
ASUS VIVOBOOK A412FL CORE I3-8145U 4GB 512GB NVIDIA MX250 2GB GARANSI NASIONAL 2TAHUN,7.050.090,KOTA MEDAN,2,https://shopee.co.id/ASUS-VIVOBOOK-A412FL-CORE-I3-8145U-4GB-512GB-NVIDIA-MX250-2GB-GARANSI-NASIONAL-2TAHUN-i.164465638.4160653024,28-01-2021
Laptop Asus VivoBook S14 S433EQ-EB754TS i7-1165G7 8GB 512GB SSD MX350 2GB W10 OHS,15.575.000,KOTA JAKARTA PUSAT,3,https://shopee.co.id/Laptop-Asus-VivoBook-S14-S433EQ-EB754TS-i7-1165G7-8GB-512GB-SSD-MX350-2GB-W10-OHS-i.51459869.6433247910,28-01-2021
ASUS Laptop VivoBook F412DA Ryzen 7-3700U 8GB 512GB SSD VEGA 8 W10 termurah,10.990.000,KOTA TANGERANG SELATAN,2,https://shopee.co.id/ASUS-Laptop-VivoBook-F412DA-Ryzen-7-3700U-8GB-512GB-SSD-VEGA-8-W10-termurah-i.46236640.6249368625,28-01-2021
ASUS VIVOBOOK A407UF-BV062T - i3-7020- 4GB- 1TB- MX130 2GB- 14HD- W10,6.575.000,KOTA JAKARTA PUSAT,2,https://shopee.co.id/ASUS-VIVOBOOK-A407UF-BV062T-i3-7020-4GB-1TB-MX130-2GB-14HD-W10-i.120447940.1857153271,28-01-2021
Notebook Asus ViVoBook E203MAH Intel Celeron N4000 | RAM 2GB | HDD 500GB | Windows 10,4.450.000,KOTA JAKARTA BARAT,2,https://shopee.co.id/Notebook-Asus-ViVoBook-E203MAH-Intel-Celeron-N4000-RAM-2GB-HDD-500GB-Windows-10-i.125897475.1905149103,28-01-2021
"PENGGANTI K413FQ - ASUS VIVOBOOK 14 K413EQ i5-1135G7 8GB 512GB MX350 2GB 14"" FHD W10 OHS",12.799.000,KOTA JAKARTA PUSAT,2,https://shopee.co.id/PENGGANTI-K413FQ-ASUS-VIVOBOOK-14-K413EQ-i5-1135G7-8GB-512GB-MX350-2GB-14-FHD-W10-OHS-i.120447940.4750950319,28-01-2021
"ASUS VivoBook 14 K413FQ - i7-10510U 8GB 512GB SSD MX350 2GB W10 14""FHD",14.699.999,KOTA JAKARTA PUSAT,2,https://shopee.co.id/ASUS-VivoBook-14-K413FQ-i7-10510U-8GB-512GB-SSD-MX350-2GB-W10-14-FHD-i.56983549.6549107107,28-01-2021
Asus Vivobook A412FL INTEL CORE i5 10210U Nvidia MX250 2GB HDD1TB RAM 4GB Windows 10 Original,10.599.000,KOTA JAKARTA PUSAT,32,https://shopee.co.id/Asus-Vivobook-A412FL-INTEL-CORE-i5-10210U-Nvidia-MX250-2GB-HDD1TB-RAM-4GB-Windows-10-Original-i.32829345.2913691727,28-01-2021
ASUS Vivobook X441BA-GA441T AMD Dual Core A4-9125 RAM 4GB HDD 1TB,5.499.000,KOTA SEMARANG,1,https://shopee.co.id/ASUS-Vivobook-X441BA-GA441T-AMD-Dual-Core-A4-9125-RAM-4GB-HDD-1TB-i.162756018.5619068638,28-01-2021
"ASUS VIVOBOOK K413EQ - i7-1165G7 - 8GB - 512GB SSD - NVIDIA MX350 2GB - 14""FHD IPS - WIN10 - OFFICE",13.999.000,KOTA JAKARTA BARAT,8,https://shopee.co.id/ASUS-VIVOBOOK-K413EQ-i7-1165G7-8GB-512GB-SSD-NVIDIA-MX350-2GB-14-FHD-IPS-WIN10-OFFICE-i.30555036.7048647213,28-01-2021
"ASUS VIVOBOOK A409JP EK501T EK502T | i5-1035G1 4GB DDR4 1TB MX330 2GB 14"" FHD WIN10",10.299.000,KOTA YOGYAKARTA,2,https://shopee.co.id/ASUS-VIVOBOOK-A409JP-EK501T-EK502T-i5-1035G1-4GB-DDR4-1TB-MX330-2GB-14-FHD-WIN10-i.287183392.9902091263,28-01-2021
ASUS VIVOBOOK FLIP TM420IA EC321TS Ryzen 3 4300U 8GB 256GB SSD GARANSI RESMI,9.799.000,KOTA JAKARTA PUSAT,1,https://shopee.co.id/ASUS-VIVOBOOK-FLIP-TM420IA-EC321TS-Ryzen-3-4300U-8GB-256GB-SSD-GARANSI-RESMI-i.161934666.3268776539,28-01-2021
