name,price,location,sold,link,date
ASUS VIVOBOOK A412U/A412FA INTEL PENTIUM GOLD 5405U RAM4GB SSD512/HDD1TB 14 FHD WINDOWS 10,6.499.000,KOTA JAKARTA PUSAT,899,https://shopee.co.id/ASUS-VIVOBOOK-A412U-A412FA-INTEL-PENTIUM-GOLD-5405U-RAM4GB-SSD512-HDD1TB-14-FHD-WINDOWS-10-i.32829345.4500595863,18-01-2021
"ASUS VIVOBOOK A412FA-EK54011T /Pentium Gold 5405U/RAM 4GB/HDD 1TB/14""/WIN 10/GARANSI RESMI",6.492.501,KOTA SURABAYA,4,https://shopee.co.id/ASUS-VIVOBOOK-A412FA-EK54011T-Pentium-Gold-5405U-RAM-4GB-HDD-1TB-14-WIN-10-GARANSI-RESMI-i.62641692.7750654945,18-01-2021
ASUS VIVOBOOK E410MA INTEL N4020 RAM4GB SSD512GB 14FHD IPS WINDOWS 10+OFFICE ORIGINAL,6.199.000,KOTA JAKARTA PUSAT,39,https://shopee.co.id/ASUS-VIVOBOOK-E410MA-INTEL-N4020-RAM4GB-SSD512GB-14FHD-IPS-WINDOWS-10-OFFICE-ORIGINAL-i.32829345.4247742882,18-01-2021
"Asus Vivobook X441BA GA441T GA442T | AMD A4 9125 RAM 4GB 1TB VGA AMD R3 14"" WIN10",4.449.000,KOTA YOGYAKARTA,5,https://shopee.co.id/Asus-Vivobook-X441BA-GA441T-GA442T-AMD-A4-9125-RAM-4GB-1TB-VGA-AMD-R3-14-WIN10-i.287183392.7265937236,18-01-2021
"Asus Vivobook S433EQ Core i7-1165G7 8GB 512GB SSD Mvidia MX350 2GB WIN10 FREE OHS 14"" FHD EB752TS",14.979.000,KOTA JAKARTA PUSAT,1,https://shopee.co.id/Asus-Vivobook-S433EQ-Core-i7-1165G7-8GB-512GB-SSD-Mvidia-MX350-2GB-WIN10-FREE-OHS-14-FHD-EB752TS-i.283257799.6770532906,18-01-2021
Notebook Asus Vivobook E203Mah Windows 10 Original,4.699.900,KOTA JAKARTA BARAT,5,https://shopee.co.id/Notebook-Asus-Vivobook-E203Mah-Windows-10-Original-i.327043379.7765415806,18-01-2021
Asus Vivobook A416JA Core i3-1005G1.Ram 4GB.SSD 512GB.Win 10.OHS Backlitkey,7.999.000,KOTA BOGOR,1,https://shopee.co.id/Asus-Vivobook-A416JA-Core-i3-1005G1.Ram-4GB.SSD-512GB.Win-10.OHS-Backlitkey-i.206148480.8806303967,18-01-2021
"Laptop Asus Vivobook A412FA Pentium Gold 5450U.Led 14"" FHD.Win 10.OHS",6.999.000,KOTA BOGOR,1,https://shopee.co.id/Laptop-Asus-Vivobook-A412FA-Pentium-Gold-5450U.Led-14-FHD.Win-10.OHS-i.206148480.9206397956,18-01-2021
ASUS VivoBook Pentium Gold A412FA-EK54011T Intel N5405U 4GB 1TB 14 Inch FHD A412FA-EK54012T EK54013T,6.230.000,KOTA JAKARTA PUSAT,37,https://shopee.co.id/ASUS-VivoBook-Pentium-Gold-A412FA-EK54011T-Intel-N5405U-4GB-1TB-14-Inch-FHD-A412FA-EK54012T-EK54013T-i.148846460.4145264450,18-01-2021
Asus Vivobook E203Nah Celeron Skylake N3350 Ram 4GB HDD 500GB LED 12in,3.250.000,KOTA BOGOR,1,https://shopee.co.id/Asus-Vivobook-E203Nah-Celeron-Skylake-N3350-Ram-4GB-HDD-500GB-LED-12in-i.206148480.7370587941,18-01-2021
Asus Vivobook A409JB BV351TS/BV352TS i3 1005G1 4GB 512ssd MX110 4GB W10+OHS 14.0 Blit,7.999.000,KOTA JAKARTA UTARA,1,https://shopee.co.id/Asus-Vivobook-A409JB-BV351TS-BV352TS-i3-1005G1-4GB-512ssd-MX110-4GB-W10-OHS-14.0-Blit-i.250649369.9200835200,18-01-2021
ASUS VIVOBOOK FLIP TM420IA EC321TS Ryzen 3 4300U 8GB 256GB SSD GARANSI RESMI,9.799.000,KOTA JAKARTA PUSAT,1,https://shopee.co.id/ASUS-VIVOBOOK-FLIP-TM420IA-EC321TS-Ryzen-3-4300U-8GB-256GB-SSD-GARANSI-RESMI-i.161934666.3268776539,18-01-2021
"ASUS VIVOBOOK FLIP TM420IA - RYZEN 3-4300U - 8GB - 256GB SSD - 14""FHD TOUCHSCREEN - WIN10 - OFFICE",9.799.000,KOTA JAKARTA BARAT,6,https://shopee.co.id/ASUS-VIVOBOOK-FLIP-TM420IA-RYZEN-3-4300U-8GB-256GB-SSD-14-FHD-TOUCHSCREEN-WIN10-OFFICE-i.174585297.6367707727,18-01-2021
LAPTOP ASUS VIVOBOOK A412FA Intel Pentium Gold 5405U 14''FHD / 1TB HDD + 256 SSD/  WIN 10,7.175.000,KOTA JAKARTA PUSAT,218,https://shopee.co.id/LAPTOP-ASUS-VIVOBOOK-A412FA-Intel-Pentium-Gold-5405U-14''FHD-1TB-HDD-256-SSD-WIN-10-i.141973518.6913724262,18-01-2021
ASUS VIVOBOOK FLIP 14 TP401MA INTEL N4020 RAM4GB SSD 256GB 14 TOUCHSCREEN WINDOWS 10+OFFICE ORIGINAL,7.499.000,KOTA JAKARTA PUSAT,61,https://shopee.co.id/ASUS-VIVOBOOK-FLIP-14-TP401MA-INTEL-N4020-RAM4GB-SSD-256GB-14-TOUCHSCREEN-WINDOWS-10-OFFICE-ORIGINAL-i.32829345.3239748961,18-01-2021
"LAPTOP ASUS VIVOBOOK A412FA-EK54051T intel Gold 5405U- 4GB DDR4- 512GB SSD-14""FHD Win10",7.095.000,KOTA JAKARTA PUSAT,140,https://shopee.co.id/LAPTOP-ASUS-VIVOBOOK-A412FA-EK54051T-intel-Gold-5405U-4GB-DDR4-512GB-SSD-14-FHD-Win10-i.51459869.5314526403,18-01-2021
Laptop Asus Vivobook Max A407M Intel Celeron N4000 Ram 4gb Hdd 1Tb,4.150.000,KOTA BOGOR,6,https://shopee.co.id/Laptop-Asus-Vivobook-Max-A407M-Intel-Celeron-N4000-Ram-4gb-Hdd-1Tb-i.163364264.7863811337,18-01-2021
ASUS VIVOBOOK A412FA INTEL PENTIUM GOLD 5405U RAM8GB SSD512GB FHD Windows 10 ORIGINAL,7.099.000,KOTA JAKARTA PUSAT,3,https://shopee.co.id/ASUS-VIVOBOOK-A412FA-INTEL-PENTIUM-GOLD-5405U-RAM8GB-SSD512GB-FHD-Windows-10-ORIGINAL-i.32829345.6417711875,18-01-2021
"LAPTOP ASUS VIVOBOOK A412FA - INTEL PENTIUM GOLD 5405U - 4GB - 512GB SSD - BACKLIT -14""FHD - W10",6.999.000,KOTA JAKARTA BARAT,178,https://shopee.co.id/LAPTOP-ASUS-VIVOBOOK-A412FA-INTEL-PENTIUM-GOLD-5405U-4GB-512GB-SSD-BACKLIT-14-FHD-W10-i.174585297.6008193966,18-01-2021
"ASUS VIVOBOOK M413DA - RYZEN 3-3250U 8GB 512GB SSD VEGA 3 WIN10 14""FHD",8.995.000,KOTA JAKARTA PUSAT,7,https://shopee.co.id/ASUS-VIVOBOOK-M413DA-RYZEN-3-3250U-8GB-512GB-SSD-VEGA-3-WIN10-14-FHD-i.56983549.3448313249,18-01-2021
ASUS VIVOBOOK ULTRA 14 K413FA + OHS 2019,9.499.000,KOTA MEDAN,3,https://shopee.co.id/ASUS-VIVOBOOK-ULTRA-14-K413FA-OHS-2019-i.13315074.3661677968,18-01-2021
ASUS VIVOBOOK X441BA AMD A9/9425 ~GARANSI RESMI~,6.099.000,KOTA TANGERANG,2,https://shopee.co.id/ASUS-VIVOBOOK-X441BA-AMD-A9-9425-~GARANSI-RESMI~-i.55569555.7743944126,18-01-2021
"ASUS VIVOBOOK K413EQ - i5-1135G7 - 8GB - 512GB SSD - NVIDIA MX350 2GB - 14""FHD - WIN10 - OFFICE",12.099.000,KOTA JAKARTA BARAT,120,https://shopee.co.id/ASUS-VIVOBOOK-K413EQ-i5-1135G7-8GB-512GB-SSD-NVIDIA-MX350-2GB-14-FHD-WIN10-OFFICE-i.30555036.997576429,18-01-2021
ASUS VIVOBOOK A416JA INTEL CORE i3 1005G1 RAM4GB SSD512GB WINDOWS + OFFICE ORIGINAL,8.249.000,KOTA JAKARTA PUSAT,1,https://shopee.co.id/ASUS-VIVOBOOK-A416JA-INTEL-CORE-i3-1005G1-RAM4GB-SSD512GB-WINDOWS-OFFICE-ORIGINAL-i.32829345.6066186069,18-01-2021
"Asus Vivobook A409JA - BV312T | i3-1005G1 | 4GB 1TB | 14"" FHD | WIN10",8.249.000,KOTA MALANG,2,https://shopee.co.id/Asus-Vivobook-A409JA-BV312T-i3-1005G1-4GB-1TB-14-FHD-WIN10-i.112382493.7856028118,18-01-2021
Asus Vivobook A412DA/F412DA Ryzen 7 3700 8GB 512ssd Vega10 W10 14.0FHD,10.399.000,KOTA JAKARTA PUSAT,1,https://shopee.co.id/Asus-Vivobook-A412DA-F412DA-Ryzen-7-3700-8GB-512ssd-Vega10-W10-14.0FHD-i.269182642.7363503946,18-01-2021
LAPTOP VIVOBOOK ASUS A409JA-BV321TS I3-1005G 4GB 1TB FHD WINDOWS 10 HOME SILVER,7.920.000,KOTA JAKARTA TIMUR,1,https://shopee.co.id/LAPTOP-VIVOBOOK-ASUS-A409JA-BV321TS-I3-1005G-4GB-1TB-FHD-WINDOWS-10-HOME-SILVER-i.121972254.4758347807,18-01-2021
"LAPTOP ASUS VIVOBOOK A412FA-EK54011IPS INTEL GOLD 5405U 4GB DDR4 1TB HDD 14""FHD IPS Win10",6.785.000,KOTA JAKARTA PUSAT,36,https://shopee.co.id/LAPTOP-ASUS-VIVOBOOK-A412FA-EK54011IPS-INTEL-GOLD-5405U-4GB-DDR4-1TB-HDD-14-FHD-IPS-Win10-i.51459869.4039718733,18-01-2021
Asus Vivobook A412FL INTEL CORE i5 10210U Nvidia MX250 2GB HDD1TB RAM 4GB Windows 10 Original,10.599.000,KOTA JAKARTA PUSAT,32,https://shopee.co.id/Asus-Vivobook-A412FL-INTEL-CORE-i5-10210U-Nvidia-MX250-2GB-HDD1TB-RAM-4GB-Windows-10-Original-i.32829345.2913691727,18-01-2021
ASUS VIVOBOOK A409JA INTEL CORE I3 1005G1 RAM4GB SSD512GB 14 FHD WINDOWS 10,8.099.000,KOTA JAKARTA PUSAT,5,https://shopee.co.id/ASUS-VIVOBOOK-A409JA-INTEL-CORE-I3-1005G1-RAM4GB-SSD512GB-14-FHD-WINDOWS-10-i.186855095.5354755088,18-01-2021
ASUS VIVOBOOK A409MA/4GB/256GB SSD/INTEL N4000,5.999.000,KOTA TANGERANG,3,https://shopee.co.id/ASUS-VIVOBOOK-A409MA-4GB-256GB-SSD-INTEL-N4000-i.55569555.7143001989,18-01-2021
"NEW LAPTOP ASUS VIVOBOOK K413FA - EK301TS EK302TS EK303TS I3-10110U 8GB 512GB SSD 14"" WIN10+OHS 2019",10.689.000,KOTA SURABAYA,1,https://shopee.co.id/NEW-LAPTOP-ASUS-VIVOBOOK-K413FA-EK301TS-EK302TS-EK303TS-I3-10110U-8GB-512GB-SSD-14-WIN10-OHS-2019-i.10886404.4868661358,18-01-2021
"LAPTOP ASUS VIVOBOOK F412DA / AMD RYZEN 7-3700U / RAM 8GB / 512GB SSD / 14"" FHD WIN10",10.560.000,KOTA TANGERANG,1,https://shopee.co.id/LAPTOP-ASUS-VIVOBOOK-F412DA-AMD-RYZEN-7-3700U-RAM-8GB-512GB-SSD-14-FHD-WIN10-i.290474546.3369512063,18-01-2021
LAPTOP VIVOBOOK ASUS F412DA AMD R7-3700U 8GB 512GB SSD RX VEGA 10 FHD SLATE GREY,10.560.000,KOTA JAKARTA TIMUR,1,https://shopee.co.id/LAPTOP-VIVOBOOK-ASUS-F412DA-AMD-R7-3700U-8GB-512GB-SSD-RX-VEGA-10-FHD-SLATE-GREY-i.121972254.7640692318,18-01-2021
ASUS VIVOBOOK TM420IA EC551TS RYZEN 5 4500U RAM8GB SSD512GB 14FHD TOUCHSCREEN WINDOWS + OFFICE,12.299.000,KOTA JAKARTA PUSAT,4,https://shopee.co.id/ASUS-VIVOBOOK-TM420IA-EC551TS-RYZEN-5-4500U-RAM8GB-SSD512GB-14FHD-TOUCHSCREEN-WINDOWS-OFFICE-i.32829345.3761546978,18-01-2021
Asus Vivobook Ultra K413FQ-EK701T Intel Core i7-10510U RAM 8GB SSD 512GB,14.200.000,KOTA SEMARANG,3,https://shopee.co.id/Asus-Vivobook-Ultra-K413FQ-EK701T-Intel-Core-i7-10510U-RAM-8GB-SSD-512GB-i.162756018.5546831408,18-01-2021
ASUS VIVOBOOK A409JA INTEL CORE i3 1005G1 RAM4GB SSD512GB 14FHD WINDOWS 10 Original,8.099.000,KOTA JAKARTA PUSAT,86,https://shopee.co.id/ASUS-VIVOBOOK-A409JA-INTEL-CORE-i3-1005G1-RAM4GB-SSD512GB-14FHD-WINDOWS-10-Original-i.32829345.1560253200,18-01-2021
"ASUS VIVOBOOK A412DA - RYZEN 5-3500U - 8GB - 512GB SSD - 14""FHD - BACKLIT KB - WIN10 - OFFICE",9.899.000,KOTA JAKARTA BARAT,2,https://shopee.co.id/ASUS-VIVOBOOK-A412DA-RYZEN-5-3500U-8GB-512GB-SSD-14-FHD-BACKLIT-KB-WIN10-OFFICE-i.30555036.4834202491,18-01-2021
Laptop ASUS VivoBook Core i5-10210 A412FL-EK511T MX250 4GB 1TB 14 Inch FHD A412FL-EK514T,10.490.000,KOTA JAKARTA PUSAT,29,https://shopee.co.id/Laptop-ASUS-VivoBook-Core-i5-10210-A412FL-EK511T-MX250-4GB-1TB-14-Inch-FHD-A412FL-EK514T-i.148846460.5046131584,18-01-2021
Laptop Asus Vivobook A407MA Free Printer Multifungsi,6.649.050,KOTA JAKARTA BARAT,1,https://shopee.co.id/Laptop-Asus-Vivobook-A407MA-Free-Printer-Multifungsi-i.327043379.5566645202,18-01-2021
ASUS VivoBook A12FL-EK551T / EK552T / EK553T Core i5-10210U MX250 / 8GB /512GB W10,12.499.000,KOTA JAKARTA PUSAT,1,https://shopee.co.id/ASUS-VivoBook-A12FL-EK551T-EK552T-EK553T-Core-i5-10210U-MX250-8GB-512GB-W10-i.24011016.4229068190,18-01-2021
"ASUS VIVOBOOK M413DA - RYZEN 3-3250U 8GB 512GB SSD VEGA 3 WIN10 14""FHD",8.700.000,KOTA JAKARTA PUSAT,1,https://shopee.co.id/ASUS-VIVOBOOK-M413DA-RYZEN-3-3250U-8GB-512GB-SSD-VEGA-3-WIN10-14-FHD-i.120447940.6650304080,18-01-2021
"ASUS VIVOBOOK A407UF Core i5 8250u/RAM 8GB/SSHD 1TB/Nvidia Geforce MX130 2GB GDDR5 14"" HD Bezelles",6.900.000,KOTA JAKARTA UTARA,1,https://shopee.co.id/ASUS-VIVOBOOK-A407UF-Core-i5-8250u-RAM-8GB-SSHD-1TB-Nvidia-Geforce-MX130-2GB-GDDR5-14-HD-Bezelles-i.156073535.4346405531,18-01-2021
Asus Vivobook A407UF Core i5 -8250U Coffelake Ram4Gb Hdd1Tb Nvidia Gress Scu4974,6.250.000,KOTA MALANG,1,https://shopee.co.id/Asus-Vivobook-A407UF-Core-i5-8250U-Coffelake-Ram4Gb-Hdd1Tb-Nvidia-Gress-Scu4974-i.44435356.3933567405,18-01-2021
ASUS VIVOBOOK Asus A412FL EK511T i5 10210 4GB 1TB MX250 2GB W10 14.0FHD FP Blit,10.099.000,KOTA JAKARTA PUSAT,1,https://shopee.co.id/ASUS-VIVOBOOK-Asus-A412FL-EK511T-i5-10210-4GB-1TB-MX250-2GB-W10-14.0FHD-FP-Blit-i.270342862.5439056614,18-01-2021
"ASUS VivoBook 14 K413FQ - i7-10510U 8GB 512GB SSD MX350 2GB W10 14""FHD",14.699.999,KOTA JAKARTA PUSAT,2,https://shopee.co.id/ASUS-VivoBook-14-K413FQ-i7-10510U-8GB-512GB-SSD-MX350-2GB-W10-14-FHD-i.56983549.6549107107,18-01-2021
Asus Vivobook E203mah Likenew Mulus No Minus Msh Seperti baru,3.290.000,KOTA BOGOR,5,https://shopee.co.id/Asus-Vivobook-E203mah-Likenew-Mulus-No-Minus-Msh-Seperti-baru-i.206148480.3234135567,18-01-2021
Notebook Asus ViVoBook E203MAH Intel Celeron N4000 | RAM 2GB | HDD 500GB | Windows 10,4.450.000,KOTA JAKARTA BARAT,2,https://shopee.co.id/Notebook-Asus-ViVoBook-E203MAH-Intel-Celeron-N4000-RAM-2GB-HDD-500GB-Windows-10-i.125897475.1905149103,18-01-2021
"LAPTOP ASUS VIVOBOOK K413FQ i5-10210U 8GB 512GB MX350 2GB 14"" FHD W10",12.583.000,KOTA JAKARTA PUSAT,8,https://shopee.co.id/LAPTOP-ASUS-VIVOBOOK-K413FQ-i5-10210U-8GB-512GB-MX350-2GB-14-FHD-W10-i.27662413.7145101132,18-01-2021
ASUS VIVOBOOK S433EQ INTEL CORE I5 1135G7 RAM8GB SSD512GB NVIDIA MX350 2GB WINDOWS 10+OHS2019 ORIGIN,13.999.000,KOTA JAKARTA PUSAT,3,https://shopee.co.id/ASUS-VIVOBOOK-S433EQ-INTEL-CORE-I5-1135G7-RAM8GB-SSD512GB-NVIDIA-MX350-2GB-WINDOWS-10-OHS2019-ORIGIN-i.32829345.5215482943,18-01-2021
"LAPTOP ASUS VIVOBOOK A412FL-EK511T i5-10210U|4GB DDR4|1TB HDD|2GB MX250|14""FHD|Win10",10.825.000,KOTA JAKARTA PUSAT,4,https://shopee.co.id/LAPTOP-ASUS-VIVOBOOK-A412FL-EK511T-i5-10210U-4GB-DDR4-1TB-HDD-2GB-MX250-14-FHD-Win10-i.51459869.5438864579,18-01-2021
"PROMO LAPTOP ASUS VIVOBOOK 14 K413EQ i5-1135G7 8GB 512GB MX350 2GB 14"" FHD W10 OHS",12.799.000,KOTA JAKARTA PUSAT,11,https://shopee.co.id/PROMO-LAPTOP-ASUS-VIVOBOOK-14-K413EQ-i5-1135G7-8GB-512GB-MX350-2GB-14-FHD-W10-OHS-i.120447940.2632349424,18-01-2021
ASUS Vivobook S14 M33IA RYZEN 7-4700U 8GB 512SSD Vega7 14.0 FHD WIN10,10.750.000,KOTA MALANG,1,https://shopee.co.id/ASUS-Vivobook-S14-M33IA-RYZEN-7-4700U-8GB-512SSD-Vega7-14.0-FHD-WIN10-i.164898651.6556459235,18-01-2021
"LAPTOP ASUS VIVOBOOK K413EQ - i7-1165G7 - 8GB - 512SSD - MX350 2GB - 14""FHD  - BACKLIT - W10 - OFFIC",13.999.000,KOTA JAKARTA BARAT,4,https://shopee.co.id/LAPTOP-ASUS-VIVOBOOK-K413EQ-i7-1165G7-8GB-512SSD-MX350-2GB-14-FHD-BACKLIT-W10-OFFIC-i.174585297.5848654550,18-01-2021
ASUS Laptop VivoBook F412DA Ryzen 7-3700U 8GB 512GB SSD VEGA 8 W10 termurah,10.990.000,KOTA TANGERANG SELATAN,2,https://shopee.co.id/ASUS-Laptop-VivoBook-F412DA-Ryzen-7-3700U-8GB-512GB-SSD-VEGA-8-W10-termurah-i.46236640.6249368625,18-01-2021
Laptop Asus X441UB Vivobook ram 4gb hdd 1tb/1000gb Support Desaign Grapich/ Gaming-second,5.000.000,KOTA BOGOR,2,https://shopee.co.id/Laptop-Asus-X441UB-Vivobook-ram-4gb-hdd-1tb-1000gb-Support-Desaign-Grapich-Gaming-second-i.163364264.4651041266,18-01-2021
"Laptop Asus Vivobook X441MA, Intel Celeron N4000 Ram 4gb hdd 1tb-second",4.150.000,KOTA BOGOR,2,https://shopee.co.id/Laptop-Asus-Vivobook-X441MA-Intel-Celeron-N4000-Ram-4gb-hdd-1tb-second-i.163364264.3353184780,18-01-2021
PROMO LAPTOP ASUS VIVOBOOK SLIM BARU K413FA-EK303T- CORE i3 -8GB-512GB SSD-WIN10- RESMI LAPTOP MURAH,10.300.599,KOTA SURABAYA,1,https://shopee.co.id/PROMO-LAPTOP-ASUS-VIVOBOOK-SLIM-BARU-K413FA-EK303T-CORE-i3-8GB-512GB-SSD-WIN10-RESMI-LAPTOP-MURAH-i.82593565.5954170726,18-01-2021
ASUS Vivobook X441BA-GA441T AMD Dual Core A4-9125 RAM 4GB HDD 1TB,5.499.000,KOTA SEMARANG,1,https://shopee.co.id/ASUS-Vivobook-X441BA-GA441T-AMD-Dual-Core-A4-9125-RAM-4GB-HDD-1TB-i.162756018.5619068638,18-01-2021
Laptop Asus Vivobook A442UR Core i5-8250u Generasi 8 Coffelake VGA Nvidia 2GB HDD 1TB,6.700.000,KOTA BOGOR,1,https://shopee.co.id/Laptop-Asus-Vivobook-A442UR-Core-i5-8250u-Generasi-8-Coffelake-VGA-Nvidia-2GB-HDD-1TB-i.206148480.5456301410,18-01-2021
ASUS VIVOBOOK E410MA PRE INSTALLED OFFICE 2019 HOME STUDENT ORIGINAL,5.999.000,KOTA JAKARTA SELATAN,2,https://shopee.co.id/ASUS-VIVOBOOK-E410MA-PRE-INSTALLED-OFFICE-2019-HOME-STUDENT-ORIGINAL-i.257997524.3460632896,18-01-2021
Asus VivoBook A409JA Intel Core i3-1005G1 RAM 4gb HDD 1tb,6.800.000,KOTA BOGOR,1,https://shopee.co.id/Asus-VivoBook-A409JA-Intel-Core-i3-1005G1-RAM-4gb-HDD-1tb-i.163364264.4174985181,18-01-2021
Asus Vivobook Max X441MA-N4000/Ram 4GB/HDD 1000GB/14inch/Win10 Ori,4.350.000,KOTA BOGOR,1,https://shopee.co.id/Asus-Vivobook-Max-X441MA-N4000-Ram-4GB-HDD-1000GB-14inch-Win10-Ori-i.206148480.4973930021,18-01-2021
"LAPTOP ASUS VIVOBOOK A412FL-EK513T i5-10210U|4GB DDR4|1TB HDD|2GB MX250|14""FHD|Win10",10.689.000,KOTA JAKARTA PUSAT,5,https://shopee.co.id/LAPTOP-ASUS-VIVOBOOK-A412FL-EK513T-i5-10210U-4GB-DDR4-1TB-HDD-2GB-MX250-14-FHD-Win10-i.51459869.6938864203,18-01-2021
ASUS VIVOBOOK A416JA INTEL CORE i3 1005G1 RAM8GB HDD1TB WINDOWS 10+OFFICE ORIGINAL,7.329.000,KOTA JAKARTA PUSAT,92,https://shopee.co.id/ASUS-VIVOBOOK-A416JA-INTEL-CORE-i3-1005G1-RAM8GB-HDD1TB-WINDOWS-10-OFFICE-ORIGINAL-i.32829345.2737985060,18-01-2021
