name,price,location,sold,link,date
Laptop Asus - Asus Vivobook Flip - 2 in 1 - Bekas - Laptop Mulus,3.800.000,KAB. BANDUNG,0,https://shopee.co.id/Laptop-Asus-Asus-Vivobook-Flip-2-in-1-Bekas-Laptop-Mulus-i.349738611.8110782332,20-01-2021
ASUS VIVOBOOK A412U/A412FA INTEL PENTIUM GOLD 5405U RAM4GB SSD512/HDD1TB 14 FHD WINDOWS 10,6.499.000,KOTA JAKARTA PUSAT,905,https://shopee.co.id/ASUS-VIVOBOOK-A412U-A412FA-INTEL-PENTIUM-GOLD-5405U-RAM4GB-SSD512-HDD1TB-14-FHD-WINDOWS-10-i.32829345.4500595863,20-01-2021
ASUS VIVOBOOK E410MA INTEL N4020 RAM4GB SSD512GB 14FHD IPS WINDOWS 10+OFFICE ORIGINAL,5.999.000,KOTA JAKARTA PUSAT,41,https://shopee.co.id/ASUS-VIVOBOOK-E410MA-INTEL-N4020-RAM4GB-SSD512GB-14FHD-IPS-WINDOWS-10-OFFICE-ORIGINAL-i.32829345.4247742882,20-01-2021
Asus Vivobook Max X441MA-N4000/Ram 4GB/HDD 1000GB/14inch/Win10 Ori,4.990.000,KOTA BOGOR,1,https://shopee.co.id/Asus-Vivobook-Max-X441MA-N4000-Ram-4GB-HDD-1000GB-14inch-Win10-Ori-i.206148480.4973930021,20-01-2021
"ASUS Vivobook K413EQ-EB753TS 14"" FHD/Intel Core i7-1165G7/8GB/512GB SSD/Nvidia GeForce MX350/WIN 10",13.755.000,KOTA JAKARTA BARAT,1,https://shopee.co.id/ASUS-Vivobook-K413EQ-EB753TS-14-FHD-Intel-Core-i7-1165G7-8GB-512GB-SSD-Nvidia-GeForce-MX350-WIN-10-i.5677801.7474235257,20-01-2021
"Asus Vivobook X441BA GA441T GA442T | AMD A4 9125 RAM 4GB 1TB VGA AMD R3 14"" WIN10",4.449.000,KOTA YOGYAKARTA,5,https://shopee.co.id/Asus-Vivobook-X441BA-GA441T-GA442T-AMD-A4-9125-RAM-4GB-1TB-VGA-AMD-R3-14-WIN10-i.287183392.7265937236,20-01-2021
"Asus VivoBook K413EQ-EB552TS i5-1135G7 MX350 2GB 8GB RAM 512GB 14"" FHD",11.948.000,KOTA JAKARTA PUSAT,1,https://shopee.co.id/Asus-VivoBook-K413EQ-EB552TS-i5-1135G7-MX350-2GB-8GB-RAM-512GB-14-FHD-i.148846460.8005854192,20-01-2021
ASUS VIVOBOOK FLIP 14 TP401MA INTEL N4020 RAM4GB SSD 256GB 14 TOUCHSCREEN WINDOWS 10+OFFICE ORIGINAL,7.499.000,KOTA JAKARTA PUSAT,61,https://shopee.co.id/ASUS-VIVOBOOK-FLIP-14-TP401MA-INTEL-N4020-RAM4GB-SSD-256GB-14-TOUCHSCREEN-WINDOWS-10-OFFICE-ORIGINAL-i.32829345.3239748961,20-01-2021
LAPTOP ASUS VIVOBOOK A412FA Intel Pentium Gold 5405U 14''FHD / 1TB HDD + 256 SSD/  WIN 10,7.175.000,KOTA JAKARTA PUSAT,218,https://shopee.co.id/LAPTOP-ASUS-VIVOBOOK-A412FA-Intel-Pentium-Gold-5405U-14''FHD-1TB-HDD-256-SSD-WIN-10-i.141973518.6913724262,20-01-2021
ASUS VivoBook Pentium Gold A412FA-EK54011T Intel N5405U 4GB 1TB 14 Inch FHD A412FA-EK54012T EK54013T,6.341.000,KOTA JAKARTA PUSAT,38,https://shopee.co.id/ASUS-VivoBook-Pentium-Gold-A412FA-EK54011T-Intel-N5405U-4GB-1TB-14-Inch-FHD-A412FA-EK54012T-EK54013T-i.148846460.4145264450,20-01-2021
ASUS VIVOBOOK TM420IA EC551TS RYZEN 5 4500U RAM8GB SSD512GB 14FHD TOUCHSCREEN WINDOWS + OFFICE,12.299.000,KOTA JAKARTA PUSAT,4,https://shopee.co.id/ASUS-VIVOBOOK-TM420IA-EC551TS-RYZEN-5-4500U-RAM8GB-SSD512GB-14FHD-TOUCHSCREEN-WINDOWS-OFFICE-i.32829345.3761546978,20-01-2021
"Laptop Asus Vivobook A412FA Pentium Gold 5450U.Led 14"" FHD.Win 10.OHS",6.999.000,KOTA BOGOR,1,https://shopee.co.id/Laptop-Asus-Vivobook-A412FA-Pentium-Gold-5450U.Led-14-FHD.Win-10.OHS-i.206148480.9206397956,20-01-2021
ASUS VIVOBOOK FLIP TM420IA EC321TS Ryzen 3 4300U 8GB 256GB SSD GARANSI RESMI,9.799.000,KOTA JAKARTA PUSAT,1,https://shopee.co.id/ASUS-VIVOBOOK-FLIP-TM420IA-EC321TS-Ryzen-3-4300U-8GB-256GB-SSD-GARANSI-RESMI-i.161934666.3268776539,20-01-2021
Notebook Asus Vivobook E203Mah Windows 10 Original,4.699.900,KOTA JAKARTA BARAT,7,https://shopee.co.id/Notebook-Asus-Vivobook-E203Mah-Windows-10-Original-i.327043379.7765415806,20-01-2021
"ASUS VIVOBOOK FLIP TM420IA - RYZEN 3-4300U - 8GB - 256GB SSD - 14""FHD TOUCHSCREEN - WIN10 - OFFICE",9.799.000,KOTA JAKARTA BARAT,6,https://shopee.co.id/ASUS-VIVOBOOK-FLIP-TM420IA-RYZEN-3-4300U-8GB-256GB-SSD-14-FHD-TOUCHSCREEN-WIN10-OFFICE-i.174585297.6367707727,20-01-2021
"ASUS VivoBook A412FA - PENTIUM GOLD N5405U 4GB 1TB WIN10 14""FHD",6.890.000,KOTA JAKARTA PUSAT,3,https://shopee.co.id/ASUS-VivoBook-A412FA-PENTIUM-GOLD-N5405U-4GB-1TB-WIN10-14-FHD-i.56983549.4950645496,20-01-2021
Laptop Asus Vivobook A407MA Free Printer Multifungsi,6.649.050,KOTA JAKARTA BARAT,1,https://shopee.co.id/Laptop-Asus-Vivobook-A407MA-Free-Printer-Multifungsi-i.327043379.5566645202,20-01-2021
ASUS VIVOBOOK K413FQ EK701T i710510 8GB 512GB SSD MX350 2GB IPS FHD WIN10 GARANSI RESMI,14.899.000,KOTA JAKARTA PUSAT,2,https://shopee.co.id/ASUS-VIVOBOOK-K413FQ-EK701T-i710510-8GB-512GB-SSD-MX350-2GB-IPS-FHD-WIN10-GARANSI-RESMI-i.161934666.6049371800,20-01-2021
Notebook Asus Vivobook A409JB BV322T,6.925.000,KOTA JAKARTA SELATAN,1,https://shopee.co.id/Notebook-Asus-Vivobook-A409JB-BV322T-i.6819152.7722689209,20-01-2021
LAPTOP ASUS VIVOBOOK FLIP 14 TP401MA RAM4GB INTEL N4020 SSD 256GB 14 TOUCHSCREEN WINDOWS 10,7.499.000,KOTA JAKARTA PUSAT,14,https://shopee.co.id/LAPTOP-ASUS-VIVOBOOK-FLIP-14-TP401MA-RAM4GB-INTEL-N4020-SSD-256GB-14-TOUCHSCREEN-WINDOWS-10-i.186855095.7046226692,20-01-2021
Laptop Asus VivoBook Max X441U X441UB-GA042T Core i3-6006U RAM 4GB HDD 1TB Windows 10,6.987.000,KOTA JAKARTA BARAT,1,https://shopee.co.id/Laptop-Asus-VivoBook-Max-X441U-X441UB-GA042T-Core-i3-6006U-RAM-4GB-HDD-1TB-Windows-10-i.80255710.9805112142,20-01-2021
LAPTOP VIVOBOOK ASUS F412DA AMD R7-3700U 8GB 512GB SSD RX VEGA 10 FHD SLATE GREY,10.560.000,KOTA JAKARTA TIMUR,1,https://shopee.co.id/LAPTOP-VIVOBOOK-ASUS-F412DA-AMD-R7-3700U-8GB-512GB-SSD-RX-VEGA-10-FHD-SLATE-GREY-i.121972254.7640692318,20-01-2021
"Laptop Asus VivoBook A409JP / Core i5 1035G1 / RAM 4GB / 1TB HDD / Nvidia MX330-2GB / 14""FHD Win10",10.150.000,KOTA TANGERANG,5,https://shopee.co.id/Laptop-Asus-VivoBook-A409JP-Core-i5-1035G1-RAM-4GB-1TB-HDD-Nvidia-MX330-2GB-14-FHD-Win10-i.290474546.6451993170,20-01-2021
Asus Vivobook S333JQ-EG751T White [i7-1065G7|RAM 8GB|SSD 512GB + Optane 32GB|NVidia 2GB|Win],15.099.000,KOTA JAKARTA PUSAT,2,https://shopee.co.id/Asus-Vivobook-S333JQ-EG751T-White-i7-1065G7-RAM-8GB-SSD-512GB-Optane-32GB-NVidia-2GB-Win--i.65949393.4753952541,20-01-2021
ASUS VIVOBOOK A412FA INTEL PENTIUM GOLD 5405U RAM8GB SSD512GB FHD Windows 10 ORIGINAL,7.099.000,KOTA JAKARTA PUSAT,4,https://shopee.co.id/ASUS-VIVOBOOK-A412FA-INTEL-PENTIUM-GOLD-5405U-RAM8GB-SSD512GB-FHD-Windows-10-ORIGINAL-i.32829345.6417711875,20-01-2021
"ASUS VIVOBOOK M413DA - RYZEN 3-3250U 8GB 512GB SSD VEGA 3 WIN10 14""FHD",8.900.000,KOTA JAKARTA PUSAT,1,https://shopee.co.id/ASUS-VIVOBOOK-M413DA-RYZEN-3-3250U-8GB-512GB-SSD-VEGA-3-WIN10-14-FHD-i.120447940.6650304080,20-01-2021
Laptop ASUS VivoBook A416JA - Core i3-1005G1 - RAM 4GB - HDD 1TB / 512GB SSD - Win10 + OHS,7.715.000,KOTA TANGERANG,2,https://shopee.co.id/Laptop-ASUS-VivoBook-A416JA-Core-i3-1005G1-RAM-4GB-HDD-1TB-512GB-SSD-Win10-OHS-i.290474546.9403051225,20-01-2021
ASUS VIVOBOOK A412FA-EK504T i5 8265 8GB 512SSD W10 14.0FHD FP,9.499.000,KOTA JAKARTA PUSAT,1,https://shopee.co.id/ASUS-VIVOBOOK-A412FA-EK504T-i5-8265-8GB-512SSD-W10-14.0FHD-FP-i.270342862.3339150867,20-01-2021
"ASUS VIVOBOOK A407UF Core i5 8250u/RAM 8GB/SSHD 1TB/Nvidia Geforce MX130 2GB GDDR5 14"" HD Bezelles",6.900.000,KOTA JAKARTA UTARA,1,https://shopee.co.id/ASUS-VIVOBOOK-A407UF-Core-i5-8250u-RAM-8GB-SSHD-1TB-Nvidia-Geforce-MX130-2GB-GDDR5-14-HD-Bezelles-i.156073535.4346405531,20-01-2021
"ASUS VIVOBOOK FLIP 14 TP410UA - i5 7200U/ 8GB/ 1TB/ W10/ 14""IPS FHD - Agres",12.000.000,KOTA JAKARTA PUSAT,3,https://shopee.co.id/ASUS-VIVOBOOK-FLIP-14-TP410UA-i5-7200U-8GB-1TB-W10-14-IPS-FHD-Agres-i.71347256.1339345690,20-01-2021
Laptop Asus VivoBook Max X441B AMD A9-9425 Radeon R5.RAM 4GB.Hdd 1000gb-second,4.500.000,KOTA BOGOR,1,https://shopee.co.id/Laptop-Asus-VivoBook-Max-X441B-AMD-A9-9425-Radeon-R5.RAM-4GB.Hdd-1000gb-second-i.163364264.7064101360,20-01-2021
ASUS VIVOBOOK FLIP TP412FA i5-8265U-8GB-512GB-WIN10-14FHD,11.200.000,KOTA JAKARTA PUSAT,1,https://shopee.co.id/ASUS-VIVOBOOK-FLIP-TP412FA-i5-8265U-8GB-512GB-WIN10-14FHD-i.120453187.2610219245,20-01-2021
LAPTOP ASUS VIVOBOOK K413EA INTEL CORE I3 1115G4 RAM8GB SSD512GB 14 FHD IPS WINDOWS10 + OFFICE ORI,9.349.000,KOTA JAKARTA PUSAT,5,https://shopee.co.id/LAPTOP-ASUS-VIVOBOOK-K413EA-INTEL-CORE-I3-1115G4-RAM8GB-SSD512GB-14-FHD-IPS-WINDOWS10-OFFICE-ORI-i.186855095.6851296918,20-01-2021
ASUS VIVOBOOK Asus A412FL EK511T i5 10210 4GB 1TB MX250 2GB W10 14.0FHD FP Blit,10.099.000,KOTA JAKARTA PUSAT,1,https://shopee.co.id/ASUS-VIVOBOOK-Asus-A412FL-EK511T-i5-10210-4GB-1TB-MX250-2GB-W10-14.0FHD-FP-Blit-i.270342862.5439056614,20-01-2021
ASUS VIVOBOOK A412FL i5-8265U 8Gb Ram + 512 Ssd Like New,8.680.000,KOTA JAKARTA PUSAT,1,https://shopee.co.id/ASUS-VIVOBOOK-A412FL-i5-8265U-8Gb-Ram-512-Ssd-Like-New-i.64979891.5551215616,20-01-2021
ASUS VivoBook A12FL-EK551T / EK552T / EK553T Core i5-10210U MX250 / 8GB /512GB W10,12.499.000,KOTA JAKARTA PUSAT,1,https://shopee.co.id/ASUS-VivoBook-A12FL-EK551T-EK552T-EK553T-Core-i5-10210U-MX250-8GB-512GB-W10-i.24011016.4229068190,20-01-2021
ASUS Vivobook S14 M33IA RYZEN 7-4700U 8GB 512SSD Vega7 14.0 FHD WIN10,10.750.000,KOTA MALANG,1,https://shopee.co.id/ASUS-Vivobook-S14-M33IA-RYZEN-7-4700U-8GB-512SSD-Vega7-14.0-FHD-WIN10-i.164898651.6556459235,20-01-2021
Asus Vivobook E203mah Likenew Mulus No Minus Msh Seperti baru,3.290.000,KOTA BOGOR,5,https://shopee.co.id/Asus-Vivobook-E203mah-Likenew-Mulus-No-Minus-Msh-Seperti-baru-i.206148480.3234135567,20-01-2021
"ASUS VIVOBOOK A412FA-EK54011T /Pentium Gold 5405U/RAM 4GB/HDD 1TB/14""/WIN 10/GARANSI RESMI",6.492.501,KOTA SURABAYA,4,https://shopee.co.id/ASUS-VIVOBOOK-A412FA-EK54011T-Pentium-Gold-5405U-RAM-4GB-HDD-1TB-14-WIN-10-GARANSI-RESMI-i.62641692.7750654945,20-01-2021
"Asus Vivobook S433EQ Core i7-1165G7 8GB 512GB SSD Mvidia MX350 2GB WIN10 FREE OHS 14"" FHD EB752TS",14.979.000,KOTA JAKARTA PUSAT,1,https://shopee.co.id/Asus-Vivobook-S433EQ-Core-i7-1165G7-8GB-512GB-SSD-Mvidia-MX350-2GB-WIN10-FREE-OHS-14-FHD-EB752TS-i.283257799.6770532906,20-01-2021
"ASUS VIVOBOOK A409JP EK501T EK502T | i5-1035G1 4GB DDR4 1TB MX330 2GB 14"" FHD WIN10",10.299.000,KOTA YOGYAKARTA,2,https://shopee.co.id/ASUS-VIVOBOOK-A409JP-EK501T-EK502T-i5-1035G1-4GB-DDR4-1TB-MX330-2GB-14-FHD-WIN10-i.287183392.9902091263,20-01-2021
ASUS VIVOBOOK F412DA / A412DA Ryzen 7 3700 8GB 512ssd Vega10 W10 14.0FHD,10.399.000,KOTA JAKARTA PUSAT,1,https://shopee.co.id/ASUS-VIVOBOOK-F412DA-A412DA-Ryzen-7-3700-8GB-512ssd-Vega10-W10-14.0FHD-i.270342862.5063305603,20-01-2021
ASUS VIVOBOOK A412FA INTEL PENTIUM GOLD N5405U RAM8GB SSD512GB SSD 14 FHD WINDOWS 10 ORIGINAL,7.499.000,KOTA JAKARTA PUSAT,1,https://shopee.co.id/ASUS-VIVOBOOK-A412FA-INTEL-PENTIUM-GOLD-N5405U-RAM8GB-SSD512GB-SSD-14-FHD-WINDOWS-10-ORIGINAL-i.186855095.6957348993,20-01-2021
"Asus Vivobook A409JA - BV312T | i3-1005G1 | 4GB 1TB | 14"" FHD | WIN10",8.249.000,KOTA MALANG,2,https://shopee.co.id/Asus-Vivobook-A409JA-BV312T-i3-1005G1-4GB-1TB-14-FHD-WIN10-i.112382493.7856028118,20-01-2021
ASUS VIVOBOOK ULTRA 14 K413FA + OHS 2019,9.499.000,KOTA MEDAN,3,https://shopee.co.id/ASUS-VIVOBOOK-ULTRA-14-K413FA-OHS-2019-i.13315074.3661677968,20-01-2021
ASUS VIVOBOOK X441BA AMD A9/9425 ~GARANSI RESMI~,6.099.000,KOTA TANGERANG,2,https://shopee.co.id/ASUS-VIVOBOOK-X441BA-AMD-A9-9425-~GARANSI-RESMI~-i.55569555.7743944126,20-01-2021
ASUS VIVOBOOK A412FA-EK54051T /PENTIUM GOLD 5405U /4GB RAM /512GB SSD/Win10/KEY Backlight,7.287.000,KOTA SURABAYA,6,https://shopee.co.id/ASUS-VIVOBOOK-A412FA-EK54051T-PENTIUM-GOLD-5405U-4GB-RAM-512GB-SSD-Win10-KEY-Backlight-i.47640161.7120009267,20-01-2021
"LAPTOP ASUS VIVOBOOK K413FQ i5-10210U 8GB 512GB MX350 2GB 14"" FHD W10",12.583.000,KOTA JAKARTA PUSAT,8,https://shopee.co.id/LAPTOP-ASUS-VIVOBOOK-K413FQ-i5-10210U-8GB-512GB-MX350-2GB-14-FHD-W10-i.27662413.7145101132,20-01-2021
Asus VivoBook M409BA-BV422T AMD APU A4-9125 RAM 4GB SSD 256GB,6.450.000,KOTA SEMARANG,3,https://shopee.co.id/Asus-VivoBook-M409BA-BV422T-AMD-APU-A4-9125-RAM-4GB-SSD-256GB-i.162756018.5430447143,20-01-2021
Laptop Asus Vivobook TP412FA 2in1 Touch i5 10210 8GB 512ssd W10 14.0FHD,11.599.000,KOTA JAKARTA PUSAT,2,https://shopee.co.id/Laptop-Asus-Vivobook-TP412FA-2in1-Touch-i5-10210-8GB-512ssd-W10-14.0FHD-i.269581133.5958141505,20-01-2021
"LAPTOP ASUS VivoBook K413EQ-EB751TS I7-1165G7 8GB, 512GB SSD, 2GB MX350, 14""FHD WIN10 OHS",14.790.000,KOTA JAKARTA PUSAT,2,https://shopee.co.id/LAPTOP-ASUS-VivoBook-K413EQ-EB751TS-I7-1165G7-8GB-512GB-SSD-2GB-MX350-14-FHD-WIN10-OHS-i.51459869.5362292935,20-01-2021
ASUS VIVOBOOK A407UF-BV062T - i3-7020- 4GB- 1TB- MX130 2GB- 14HD- W10,6.575.000,KOTA JAKARTA PUSAT,2,https://shopee.co.id/ASUS-VIVOBOOK-A407UF-BV062T-i3-7020-4GB-1TB-MX130-2GB-14HD-W10-i.120447940.1857153271,20-01-2021
"ASUS VivoBook 14 K413FQ - i5-10210U 8GB 512GB SSD MX350 2GB W10 14""FHD",13.300.000,KOTA JAKARTA PUSAT,2,https://shopee.co.id/ASUS-VivoBook-14-K413FQ-i5-10210U-8GB-512GB-SSD-MX350-2GB-W10-14-FHD-i.56983549.6349105643,20-01-2021
"ASUS VIVOBOOK K413EQ - i7-1165G7 - 8GB - 512GB SSD - NVIDIA MX350 2GB - 14""FHD IPS - WIN10 - OFFICE",13.999.000,KOTA JAKARTA BARAT,8,https://shopee.co.id/ASUS-VIVOBOOK-K413EQ-i7-1165G7-8GB-512GB-SSD-NVIDIA-MX350-2GB-14-FHD-IPS-WIN10-OFFICE-i.30555036.7048647213,20-01-2021
Asus Vivobook A407UF Core i5 -8250U Coffelake Ram4Gb Hdd1Tb Nvidia Gress Scu4974,6.250.000,KOTA MALANG,1,https://shopee.co.id/Asus-Vivobook-A407UF-Core-i5-8250U-Coffelake-Ram4Gb-Hdd1Tb-Nvidia-Gress-Scu4974-i.44435356.3933567405,20-01-2021
ASUS VIVOBOOK S433EQ INTEL CORE I5 1135G7 RAM8GB SSD512GB NVIDIA MX350 2GB WINDOWS 10+OHS2019 ORIGIN,13.999.000,KOTA JAKARTA PUSAT,3,https://shopee.co.id/ASUS-VIVOBOOK-S433EQ-INTEL-CORE-I5-1135G7-RAM8GB-SSD512GB-NVIDIA-MX350-2GB-WINDOWS-10-OHS2019-ORIGIN-i.32829345.5215482943,20-01-2021
PROMO ASUS VIVOBOOK A412DA- AMD Ryzen 5 3500U|8GB|512GB SSD|14 INCI|NONDVD|WINDOWS 10+OHS,9.799.000,KOTA JAKARTA PUSAT,11,https://shopee.co.id/PROMO-ASUS-VIVOBOOK-A412DA-AMD-Ryzen-5-3500U-8GB-512GB-SSD-14-INCI-NONDVD-WINDOWS-10-OHS-i.27662413.2374937931,20-01-2021
LAPTOP ASUS VIVOBOOK A409FJ I5-8265U 4GB SSD 512GB NVIDIA MX230-2GB - Slate Grey,9.300.000,KOTA JAKARTA PUSAT,1,https://shopee.co.id/LAPTOP-ASUS-VIVOBOOK-A409FJ-I5-8265U-4GB-SSD-512GB-NVIDIA-MX230-2GB-Slate-Grey-i.77745422.7816101245,20-01-2021
ASUS VIVOBOOK MAX X441BA-GA411T RAM 4GB HARDISK 1 TB BAGUS MURAH PROMO,6.000.000,KOTA JAKARTA PUSAT,1,https://shopee.co.id/ASUS-VIVOBOOK-MAX-X441BA-GA411T-RAM-4GB-HARDISK-1-TB-BAGUS-MURAH-PROMO-i.242065225.6677114057,20-01-2021
Asus Vivobook A416MA EB421TS/EB422TS N4020 4GB 256ssd W10+OHS 14.0FHD IPS,5.899.000,KOTA JAKARTA UTARA,1,https://shopee.co.id/Asus-Vivobook-A416MA-EB421TS-EB422TS-N4020-4GB-256ssd-W10-OHS-14.0FHD-IPS-i.250649369.7276549265,20-01-2021
Asus VivoBook A409JA Intel Core i3-1005G1 RAM 4gb HDD 1tb,6.800.000,KOTA BOGOR,1,https://shopee.co.id/Asus-VivoBook-A409JA-Intel-Core-i3-1005G1-RAM-4gb-HDD-1tb-i.163364264.4174985181,20-01-2021
"LAPTOP ASUS VIVOBOOK A412FL-EK513T i5-10210U|4GB DDR4|1TB HDD|2GB MX250|14""FHD|Win10",10.689.000,KOTA JAKARTA PUSAT,5,https://shopee.co.id/LAPTOP-ASUS-VIVOBOOK-A412FL-EK513T-i5-10210U-4GB-DDR4-1TB-HDD-2GB-MX250-14-FHD-Win10-i.51459869.6938864203,20-01-2021
ASUS VIVOBOOK A416JA INTEL CORE i3 1005G1 RAM8GB HDD1TB WINDOWS 10+OFFICE ORIGINAL,7.329.000,KOTA JAKARTA PUSAT,92,https://shopee.co.id/ASUS-VIVOBOOK-A416JA-INTEL-CORE-i3-1005G1-RAM8GB-HDD1TB-WINDOWS-10-OFFICE-ORIGINAL-i.32829345.2737985060,20-01-2021
