name,price,location,sold,link,date
ASUS VIVOBOOK A412U/A412FA INTEL PENTIUM GOLD 5405U RAM4GB SSD512/HDD1TB 14 FHD WINDOWS 10,6.499.000,KOTA JAKARTA PUSAT,915,https://shopee.co.id/ASUS-VIVOBOOK-A412U-A412FA-INTEL-PENTIUM-GOLD-5405U-RAM4GB-SSD512-HDD1TB-14-FHD-WINDOWS-10-i.32829345.4500595863,23-01-2021
ASUS VIVOBOOK E410MA INTEL N4020 RAM4GB SSD512GB 14FHD IPS WINDOWS 10+OFFICE ORIGINAL,5.999.000,KOTA JAKARTA PUSAT,46,https://shopee.co.id/ASUS-VIVOBOOK-E410MA-INTEL-N4020-RAM4GB-SSD512GB-14FHD-IPS-WINDOWS-10-OFFICE-ORIGINAL-i.32829345.4247742882,23-01-2021
ASUS VIVOBOOK A416MA N4020 RAM8GB HDD1TB INTEL UHD GRAPHIC WINDOWS + OFFICE 2019 ORIGINAL,5.999.000,KOTA JAKARTA PUSAT,"1,1RB",https://shopee.co.id/ASUS-VIVOBOOK-A416MA-N4020-RAM8GB-HDD1TB-INTEL-UHD-GRAPHIC-WINDOWS-OFFICE-2019-ORIGINAL-i.32829345.1358485680,23-01-2021
"Asus VivoBook K413EQ-EB552TS i5-1135G7 MX350 2GB 8GB RAM 512GB 14"" FHD",11.948.000,KOTA JAKARTA PUSAT,1,https://shopee.co.id/Asus-VivoBook-K413EQ-EB552TS-i5-1135G7-MX350-2GB-8GB-RAM-512GB-14-FHD-i.148846460.8005854192,23-01-2021
ASUS VIVOBOOK FLIP 14 TP401MA INTEL N4020 RAM4GB SSD 256GB 14 TOUCHSCREEN WINDOWS 10+OFFICE ORIGINAL,7.499.000,KOTA JAKARTA PUSAT,62,https://shopee.co.id/ASUS-VIVOBOOK-FLIP-14-TP401MA-INTEL-N4020-RAM4GB-SSD-256GB-14-TOUCHSCREEN-WINDOWS-10-OFFICE-ORIGINAL-i.32829345.3239748961,23-01-2021
"ASUS Vivobook K413EQ-EB753TS 14"" FHD/Intel Core i7-1165G7/8GB/512GB SSD/Nvidia GeForce MX350/WIN 10",13.755.000,KOTA JAKARTA BARAT,1,https://shopee.co.id/ASUS-Vivobook-K413EQ-EB753TS-14-FHD-Intel-Core-i7-1165G7-8GB-512GB-SSD-Nvidia-GeForce-MX350-WIN-10-i.5677801.7474235257,23-01-2021
LAPTOP ASUS VIVOBOOK A412FA Intel Pentium Gold 5405U 14''FHD / 1TB HDD + 256 SSD/  WIN 10,7.175.000,KOTA JAKARTA PUSAT,219,https://shopee.co.id/LAPTOP-ASUS-VIVOBOOK-A412FA-Intel-Pentium-Gold-5405U-14''FHD-1TB-HDD-256-SSD-WIN-10-i.141973518.6913724262,23-01-2021
ASUS VIVOBOOK A409JA INTEL CORE i3 1005G1 RAM4GB HDD1TB 14FHD WINDOWS 10 ORIGINAL,7.549.000,KOTA JAKARTA PUSAT,55,https://shopee.co.id/ASUS-VIVOBOOK-A409JA-INTEL-CORE-i3-1005G1-RAM4GB-HDD1TB-14FHD-WINDOWS-10-ORIGINAL-i.32829345.7924721232,23-01-2021
Asus VivoBook A409JA Intel Core i3-1005G1 RAM 4gb HDD 1tb,6.800.000,KOTA BOGOR,1,https://shopee.co.id/Asus-VivoBook-A409JA-Intel-Core-i3-1005G1-RAM-4gb-HDD-1tb-i.163364264.4174985181,23-01-2021
ASUS VIVOBOOK E410MA PRE INSTALLED OFFICE 2019 HOME STUDENT ORIGINAL,5.999.000,KOTA JAKARTA SELATAN,2,https://shopee.co.id/ASUS-VIVOBOOK-E410MA-PRE-INSTALLED-OFFICE-2019-HOME-STUDENT-ORIGINAL-i.257997524.3460632896,23-01-2021
ASUS VivoBook Pentium Gold A412FA-EK54011T Intel N5405U 4GB 1TB 14 Inch FHD A412FA-EK54012T EK54013T,6.341.000,KOTA JAKARTA PUSAT,38,https://shopee.co.id/ASUS-VivoBook-Pentium-Gold-A412FA-EK54011T-Intel-N5405U-4GB-1TB-14-Inch-FHD-A412FA-EK54012T-EK54013T-i.148846460.4145264450,23-01-2021
"Asus Vivobook X441BA GA441T GA442T | AMD A4 9125 RAM 4GB 1TB VGA AMD R3 14"" WIN10",4.449.000,KOTA YOGYAKARTA,5,https://shopee.co.id/Asus-Vivobook-X441BA-GA441T-GA442T-AMD-A4-9125-RAM-4GB-1TB-VGA-AMD-R3-14-WIN10-i.287183392.7265937236,23-01-2021
ASUS VIVOBOOK A419MA INTEL N4020 RAM4GB SSD256GB 14 FHD IPS WINDOWS 10 ORIGINAL & OHS 2019,5.699.000,KOTA JAKARTA PUSAT,87,https://shopee.co.id/ASUS-VIVOBOOK-A419MA-INTEL-N4020-RAM4GB-SSD256GB-14-FHD-IPS-WINDOWS-10-ORIGINAL-OHS-2019-i.32829345.6738460643,23-01-2021
ASUS VIVOBOOK FLIP TM420IA EC321TS Ryzen 3 4300U 8GB 256GB SSD GARANSI RESMI,9.799.000,KOTA JAKARTA PUSAT,1,https://shopee.co.id/ASUS-VIVOBOOK-FLIP-TM420IA-EC321TS-Ryzen-3-4300U-8GB-256GB-SSD-GARANSI-RESMI-i.161934666.3268776539,23-01-2021
Notebook Asus Vivobook E203Mah Windows 10 Original,4.699.900,KOTA JAKARTA BARAT,7,https://shopee.co.id/Notebook-Asus-Vivobook-E203Mah-Windows-10-Original-i.327043379.7765415806,23-01-2021
"Laptop ASUS VivoBook A412FA-EK54051T Pentium Gold 5405U 14"" FHD 4GB 512GB SSD A412FA-EK54052IPS",7.045.000,KOTA JAKARTA PUSAT,41,https://shopee.co.id/Laptop-ASUS-VivoBook-A412FA-EK54051T-Pentium-Gold-5405U-14-FHD-4GB-512GB-SSD-A412FA-EK54052IPS-i.148846460.5347660167,23-01-2021
Notebook Asus Vivobook A409JB BV322T,6.925.000,KOTA JAKARTA SELATAN,1,https://shopee.co.id/Notebook-Asus-Vivobook-A409JB-BV322T-i.6819152.7722689209,23-01-2021
Laptop Asus VivoBook A407MA Intel Celeron N4000,5.580.000,KOTA JAKARTA BARAT,10,https://shopee.co.id/Laptop-Asus-VivoBook-A407MA-Intel-Celeron-N4000-i.327043379.6962085365,23-01-2021
ASUS VIVOBOOK A412FA INTEL PENTIUM GOLD 5405U RAM8GB SSD512GB FHD Windows 10 ORIGINAL,7.099.000,KOTA JAKARTA PUSAT,4,https://shopee.co.id/ASUS-VIVOBOOK-A412FA-INTEL-PENTIUM-GOLD-5405U-RAM8GB-SSD512GB-FHD-Windows-10-ORIGINAL-i.32829345.6417711875,23-01-2021
ASUS VIVOBOOK A412FA-EK504T i5 8265 8GB 512SSD W10 14.0FHD FP,9.499.000,KOTA JAKARTA PUSAT,1,https://shopee.co.id/ASUS-VIVOBOOK-A412FA-EK504T-i5-8265-8GB-512SSD-W10-14.0FHD-FP-i.270342862.3339150867,23-01-2021
Laptop Asus Vivobook A416JA-BV352TS i3 1005G1 4GB 512ssd W10+OHS 14 HD,8.050.000,KOTA JAKARTA PUSAT,100,https://shopee.co.id/Laptop-Asus-Vivobook-A416JA-BV352TS-i3-1005G1-4GB-512ssd-W10-OHS-14-HD-i.148846460.4720557440,23-01-2021
Laptop Asus Vivobook Flip TP401MA BZ221TS 2in1 Touch N4020 4GB 256ssd W10+OHS 14.0 PEN,6.999.000,KOTA JAKARTA UTARA,3,https://shopee.co.id/Laptop-Asus-Vivobook-Flip-TP401MA-BZ221TS-2in1-Touch-N4020-4GB-256ssd-W10-OHS-14.0-PEN-i.225418842.6563094357,23-01-2021
Laptop Asus Vivobook A407MA Free Printer Multifungsi,6.649.050,KOTA JAKARTA BARAT,1,https://shopee.co.id/Laptop-Asus-Vivobook-A407MA-Free-Printer-Multifungsi-i.327043379.5566645202,23-01-2021
"ASUS VivoBook A412FA - PENTIUM GOLD N5405U 4GB 1TB WIN10 14""FHD",6.890.000,KOTA JAKARTA PUSAT,3,https://shopee.co.id/ASUS-VivoBook-A412FA-PENTIUM-GOLD-N5405U-4GB-1TB-WIN10-14-FHD-i.56983549.4950645496,23-01-2021
ASUS VIVOBOOK K413FQ EK701T i710510 8GB 512GB SSD MX350 2GB IPS FHD WIN10 GARANSI RESMI,14.899.000,KOTA JAKARTA PUSAT,2,https://shopee.co.id/ASUS-VIVOBOOK-K413FQ-EK701T-i710510-8GB-512GB-SSD-MX350-2GB-IPS-FHD-WIN10-GARANSI-RESMI-i.161934666.6049371800,23-01-2021
Laptop Asus VivoBook Max X441U X441UB-GA042T Core i3-6006U RAM 4GB HDD 1TB Windows 10,6.987.000,KOTA JAKARTA BARAT,1,https://shopee.co.id/Laptop-Asus-VivoBook-Max-X441U-X441UB-GA042T-Core-i3-6006U-RAM-4GB-HDD-1TB-Windows-10-i.80255710.9805112142,23-01-2021
"ASUS VIVOBOOK FLIP 14 TP410UA - i5 7200U/ 8GB/ 1TB/ W10/ 14""IPS FHD - Agres",12.000.000,KOTA JAKARTA PUSAT,3,https://shopee.co.id/ASUS-VIVOBOOK-FLIP-14-TP410UA-i5-7200U-8GB-1TB-W10-14-IPS-FHD-Agres-i.71347256.1339345690,23-01-2021
"ASUS VIVOBOOK A407UF Core i5 8250u/RAM 8GB/SSHD 1TB/Nvidia Geforce MX130 2GB GDDR5 14"" HD Bezelles",6.900.000,KOTA JAKARTA UTARA,1,https://shopee.co.id/ASUS-VIVOBOOK-A407UF-Core-i5-8250u-RAM-8GB-SSHD-1TB-Nvidia-Geforce-MX130-2GB-GDDR5-14-HD-Bezelles-i.156073535.4346405531,23-01-2021
LAPTOP ASUS VIVOBOOK FLIP 14 TP401MA RAM4GB INTEL N4020 SSD 256GB 14 TOUCHSCREEN WINDOWS 10,7.499.000,KOTA JAKARTA PUSAT,14,https://shopee.co.id/LAPTOP-ASUS-VIVOBOOK-FLIP-14-TP401MA-RAM4GB-INTEL-N4020-SSD-256GB-14-TOUCHSCREEN-WINDOWS-10-i.186855095.7046226692,23-01-2021
"Laptop Asus VivoBook A409JP / Core i5 1035G1 / RAM 4GB / 1TB HDD / Nvidia MX330-2GB / 14""FHD Win10",10.150.000,KOTA TANGERANG,5,https://shopee.co.id/Laptop-Asus-VivoBook-A409JP-Core-i5-1035G1-RAM-4GB-1TB-HDD-Nvidia-MX330-2GB-14-FHD-Win10-i.290474546.6451993170,23-01-2021
ASUS VIVOBOOK Asus A412FL EK511T i5 10210 4GB 1TB MX250 2GB W10 14.0FHD FP Blit,10.099.000,KOTA JAKARTA PUSAT,1,https://shopee.co.id/ASUS-VIVOBOOK-Asus-A412FL-EK511T-i5-10210-4GB-1TB-MX250-2GB-W10-14.0FHD-FP-Blit-i.270342862.5439056614,23-01-2021
ASUS VivoBook A12FL-EK551T / EK552T / EK553T Core i5-10210U MX250 / 8GB /512GB W10,12.499.000,KOTA JAKARTA PUSAT,1,https://shopee.co.id/ASUS-VivoBook-A12FL-EK551T-EK552T-EK553T-Core-i5-10210U-MX250-8GB-512GB-W10-i.24011016.4229068190,23-01-2021
ASUS Vivobook S14 M33IA RYZEN 7-4700U 8GB 512SSD Vega7 14.0 FHD WIN10,10.750.000,KOTA MALANG,1,https://shopee.co.id/ASUS-Vivobook-S14-M33IA-RYZEN-7-4700U-8GB-512SSD-Vega7-14.0-FHD-WIN10-i.164898651.6556459235,23-01-2021
Laptop Asus VivoBook Max X441B AMD A9-9425 Radeon R5.RAM 4GB.Hdd 1000gb-second,4.500.000,KOTA BOGOR,1,https://shopee.co.id/Laptop-Asus-VivoBook-Max-X441B-AMD-A9-9425-Radeon-R5.RAM-4GB.Hdd-1000gb-second-i.163364264.7064101360,23-01-2021
"LAPTOP ASUS VIVOBOOK K413EA - i5-1135G7 - 8GB - 512GSSD - FINGERPRINT - 14""FHD IPS - WIN10 - OFFICE",10.999.000,KOTA JAKARTA BARAT,14,https://shopee.co.id/LAPTOP-ASUS-VIVOBOOK-K413EA-i5-1135G7-8GB-512GSSD-FINGERPRINT-14-FHD-IPS-WIN10-OFFICE-i.174585297.6939015535,23-01-2021
"Asus Vivobook X441MA-GA031T GA032T | Intel N4020 RAM 4GB 1TB HDD DVD 14"" HD W10",5.000.000,KOTA YOGYAKARTA,1,https://shopee.co.id/Asus-Vivobook-X441MA-GA031T-GA032T-Intel-N4020-RAM-4GB-1TB-HDD-DVD-14-HD-W10-i.287183392.5765067668,23-01-2021
Asus VivoBook M409MA-BV111T Intel Celeron N4000 RAM 4GB HDD 1TB,5.499.000,KOTA SEMARANG,1,https://shopee.co.id/Asus-VivoBook-M409MA-BV111T-Intel-Celeron-N4000-RAM-4GB-HDD-1TB-i.162756018.3949272329,23-01-2021
Laptop Asus Vivobook X441UB.Core i3-7020u Gen 7 VGA Nvidia 2GB.Bergaransi,6.000.000,KOTA BOGOR,1,https://shopee.co.id/Laptop-Asus-Vivobook-X441UB.Core-i3-7020u-Gen-7-VGA-Nvidia-2GB.Bergaransi-i.206148480.8308394536,23-01-2021
ASUS VIVOBOOK A412FL CORE I3-8145U 4GB 512GB NVIDIA MX250 2GB GARANSI NASIONAL 2TAHUN,7.050.090,KOTA MEDAN,2,https://shopee.co.id/ASUS-VIVOBOOK-A412FL-CORE-I3-8145U-4GB-512GB-NVIDIA-MX250-2GB-GARANSI-NASIONAL-2TAHUN-i.164465638.4160653024,23-01-2021
"LAPTOP ASUS VIVOBOOK F412DA / AMD RYZEN 7-3700U / RAM 8GB / 512GB SSD / 14"" FHD WIN10",10.560.000,KOTA TANGERANG,1,https://shopee.co.id/LAPTOP-ASUS-VIVOBOOK-F412DA-AMD-RYZEN-7-3700U-RAM-8GB-512GB-SSD-14-FHD-WIN10-i.290474546.3369512063,23-01-2021
ASUS VIVOBOOK A409JA INTEL CORE I3 1005G1 RAM4GB SSD512GB 14 FHD WINDOWS 10,8.099.000,KOTA JAKARTA PUSAT,5,https://shopee.co.id/ASUS-VIVOBOOK-A409JA-INTEL-CORE-I3-1005G1-RAM4GB-SSD512GB-14-FHD-WINDOWS-10-i.186855095.5354755088,23-01-2021
ASUS Vivobook e203mah fd012t,4.949.000,KOTA DEPOK,1,https://shopee.co.id/ASUS-Vivobook-e203mah-fd012t-i.41377209.2804244996,23-01-2021
"NEW LAPTOP ASUS VIVOBOOK K413FA - EK301TS EK302TS EK303TS I3-10110U 8GB 512GB SSD 14"" WIN10+OHS 2019",10.689.000,KOTA SURABAYA,1,https://shopee.co.id/NEW-LAPTOP-ASUS-VIVOBOOK-K413FA-EK301TS-EK302TS-EK303TS-I3-10110U-8GB-512GB-SSD-14-WIN10-OHS-2019-i.10886404.4868661358,23-01-2021
"ASUS VIVOBOOK A412DA - RYZEN 5-3500U - 8GB - 512GB SSD - 14""FHD - BACKLIT KB - WIN10 - OFFICE",9.899.000,KOTA JAKARTA BARAT,2,https://shopee.co.id/ASUS-VIVOBOOK-A412DA-RYZEN-5-3500U-8GB-512GB-SSD-14-FHD-BACKLIT-KB-WIN10-OFFICE-i.30555036.4834202491,23-01-2021
ASUS VIVOBOOK A412FA INTEL PENTIUM GOLD N5405U RAM8GB SSD512GB SSD 14 FHD WINDOWS 10 ORIGINAL,7.499.000,KOTA JAKARTA PUSAT,1,https://shopee.co.id/ASUS-VIVOBOOK-A412FA-INTEL-PENTIUM-GOLD-N5405U-RAM8GB-SSD512GB-SSD-14-FHD-WINDOWS-10-ORIGINAL-i.186855095.6957348993,23-01-2021
"LAPTOP ASUS VIVOBOOK A412FA EK54052T I 5450U 512GB SSD 4GB 14"" WIN10 SLATE GREY",6.750.000,KOTA SURABAYA,1,https://shopee.co.id/LAPTOP-ASUS-VIVOBOOK-A412FA-EK54052T-I-5450U-512GB-SSD-4GB-14-WIN10-SLATE-GREY-i.260650400.8303677611,23-01-2021
ASUS VivoBook M409BA-BV412T AMD A4-9125 4GB DDR4 1TB 14 Inch Windows 10 - Gray,5.450.000,KOTA JAKARTA BARAT,1,https://shopee.co.id/ASUS-VivoBook-M409BA-BV412T-AMD-A4-9125-4GB-DDR4-1TB-14-Inch-Windows-10-Gray-i.5922196.5749054636,23-01-2021
LAPTOP ASUS VIVOBOOK K413FA-EK302TS I3-10110U 8GB 512GB SSD WIN10,9.645.000,KOTA JAKARTA PUSAT,4,https://shopee.co.id/LAPTOP-ASUS-VIVOBOOK-K413FA-EK302TS-I3-10110U-8GB-512GB-SSD-WIN10-i.51459869.7248119269,23-01-2021
"ASUS VIVOBOOK A412FA 14""/FHD/PENTIUM GOLD 5405U/4GB/1TB/INTEL UHD GRAPHICS/WIN10",6.699.000,KOTA TANGERANG,6,https://shopee.co.id/ASUS-VIVOBOOK-A412FA-14-FHD-PENTIUM-GOLD-5405U-4GB-1TB-INTEL-UHD-GRAPHICS-WIN10-i.55569555.3557767015,23-01-2021
LAPTOP ASUS VIVOBOOK K413EA INTEL CORE I3 1115G4 RAM8GB SSD512GB 14 FHD IPS WINDOWS10 + OFFICE ORI,9.349.000,KOTA JAKARTA PUSAT,5,https://shopee.co.id/LAPTOP-ASUS-VIVOBOOK-K413EA-INTEL-CORE-I3-1115G4-RAM8GB-SSD512GB-14-FHD-IPS-WINDOWS10-OFFICE-ORI-i.186855095.6851296918,23-01-2021
Asus VivoBook Flip 14 TM420IA EC321TS Ryzen 3 4300U SSD 256GB W10 OHS,10.200.000,KOTA PALEMBANG,1,https://shopee.co.id/Asus-VivoBook-Flip-14-TM420IA-EC321TS-Ryzen-3-4300U-SSD-256GB-W10-OHS-i.148017040.9200210239,23-01-2021
ASUS VIVOBOOK F412DA / A412DA Ryzen 7 3700 8GB 512ssd Vega10 W10 14.0FHD,10.399.000,KOTA JAKARTA PUSAT,1,https://shopee.co.id/ASUS-VIVOBOOK-F412DA-A412DA-Ryzen-7-3700-8GB-512ssd-Vega10-W10-14.0FHD-i.270342862.5063305603,23-01-2021
ASUS VIVOBOOK A412FA INTEL PENTIUM GOLD N5405U RAM4GB SSD512GB SSD 14 FHD WINDOWS 10 ORIGINAL,7.099.000,KOTA JAKARTA PUSAT,1,https://shopee.co.id/ASUS-VIVOBOOK-A412FA-INTEL-PENTIUM-GOLD-N5405U-RAM4GB-SSD512GB-SSD-14-FHD-WINDOWS-10-ORIGINAL-i.186855095.3932890043,23-01-2021
"Asus Vivobook A409JA - BV312T | i3-1005G1 | 4GB 1TB | 14"" FHD | WIN10",8.249.000,KOTA MALANG,2,https://shopee.co.id/Asus-Vivobook-A409JA-BV312T-i3-1005G1-4GB-1TB-14-FHD-WIN10-i.112382493.7856028118,23-01-2021
ASUS VIVOBOOK X441BA AMD A9/9425 ~GARANSI RESMI~,6.099.000,KOTA TANGERANG,2,https://shopee.co.id/ASUS-VIVOBOOK-X441BA-AMD-A9-9425-~GARANSI-RESMI~-i.55569555.7743944126,23-01-2021
ASUS VIVOBOOK ULTRA 14 K413FA + OHS 2019,9.499.000,KOTA MEDAN,3,https://shopee.co.id/ASUS-VIVOBOOK-ULTRA-14-K413FA-OHS-2019-i.13315074.3661677968,23-01-2021
"LAPTOP ASUS VIVOBOOK K413EA - i3-1115G4 - 8GB - 512SSD - FINGERPRINT - 14""FHD IPS - WIN10 - OFFIC",9.199.000,KOTA JAKARTA BARAT,5,https://shopee.co.id/LAPTOP-ASUS-VIVOBOOK-K413EA-i3-1115G4-8GB-512SSD-FINGERPRINT-14-FHD-IPS-WIN10-OFFIC-i.174585297.3348752403,23-01-2021
"ASUS VIVOBOOK A409JP EK501T EK502T | i5-1035G1 4GB DDR4 1TB MX330 2GB 14"" FHD WIN10",10.299.000,KOTA YOGYAKARTA,2,https://shopee.co.id/ASUS-VIVOBOOK-A409JP-EK501T-EK502T-i5-1035G1-4GB-DDR4-1TB-MX330-2GB-14-FHD-WIN10-i.287183392.9902091263,23-01-2021
"ASUS VIVOBOOK A412DA - RYZEN 5-3500U - 8GB - 512GB SSD - VEGA 8 - BACKLIT 14""FHD - WIN10 - OFFICE",9.899.000,KOTA JAKARTA BARAT,5,https://shopee.co.id/ASUS-VIVOBOOK-A412DA-RYZEN-5-3500U-8GB-512GB-SSD-VEGA-8-BACKLIT-14-FHD-WIN10-OFFICE-i.174585297.3334299399,23-01-2021
ASUS VIVOBOOK A412FA-EK54051T /PENTIUM GOLD 5405U /4GB RAM /512GB SSD/Win10/KEY Backlight,7.287.001,KOTA SURABAYA,6,https://shopee.co.id/ASUS-VIVOBOOK-A412FA-EK54051T-PENTIUM-GOLD-5405U-4GB-RAM-512GB-SSD-Win10-KEY-Backlight-i.47640161.7120009267,23-01-2021
Laptop Asus Vivobook A442UR Core i5-8250u Generasi 8 Coffelake VGA Nvidia 2GB HDD 1TB,6.700.000,KOTA BOGOR,1,https://shopee.co.id/Laptop-Asus-Vivobook-A442UR-Core-i5-8250u-Generasi-8-Coffelake-VGA-Nvidia-2GB-HDD-1TB-i.206148480.5456301410,23-01-2021
ASUS VIVOBOOK MAX X441BA-GA411T RAM 4GB HARDISK 1 TB BAGUS MURAH PROMO,6.000.000,KOTA JAKARTA PUSAT,1,https://shopee.co.id/ASUS-VIVOBOOK-MAX-X441BA-GA411T-RAM-4GB-HARDISK-1-TB-BAGUS-MURAH-PROMO-i.242065225.6677114057,23-01-2021
"LAPTOP ASUS VivoBook K413EQ-EB752TS I7-1165G7, 8GB, 512GB SSD, 2GB MX350, 14""FHD WIN10 OHS",14.590.000,KOTA JAKARTA PUSAT,4,https://shopee.co.id/LAPTOP-ASUS-VivoBook-K413EQ-EB752TS-I7-1165G7-8GB-512GB-SSD-2GB-MX350-14-FHD-WIN10-OHS-i.51459869.4448125765,23-01-2021
Asus Vivobook A416MA EB421TS/EB422TS N4020 4GB 256ssd W10+OHS 14.0FHD IPS,5.899.000,KOTA JAKARTA UTARA,1,https://shopee.co.id/Asus-Vivobook-A416MA-EB421TS-EB422TS-N4020-4GB-256ssd-W10-OHS-14.0FHD-IPS-i.250649369.7276549265,23-01-2021
ASUS VIVOBOOK S433EQ INTEL CORE I5 1135G7 RAM8GB SSD512GB NVIDIA MX350 2GB WINDOWS 10+OHS2019 ORIGIN,13.999.000,KOTA JAKARTA PUSAT,3,https://shopee.co.id/ASUS-VIVOBOOK-S433EQ-INTEL-CORE-I5-1135G7-RAM8GB-SSD512GB-NVIDIA-MX350-2GB-WINDOWS-10-OHS2019-ORIGIN-i.32829345.5215482943,23-01-2021
Laptop Asus Vivobook Max A407MA.Intel N4000.Ram 4GB.Hdd 1TB.Win 10 Original.Garansi 10-2021.Bogor,4.350.000,KOTA BOGOR,1,https://shopee.co.id/Laptop-Asus-Vivobook-Max-A407MA.Intel-N4000.Ram-4GB.Hdd-1TB.Win-10-Original.Garansi-10-2021.Bogor-i.206148480.3733279034,23-01-2021
"LAPTOP ASUS VIVOBOOK A412FL-EK513T i5-10210U|4GB DDR4|1TB HDD|2GB MX250|14""FHD|Win10",10.689.000,KOTA JAKARTA PUSAT,5,https://shopee.co.id/LAPTOP-ASUS-VIVOBOOK-A412FL-EK513T-i5-10210U-4GB-DDR4-1TB-HDD-2GB-MX250-14-FHD-Win10-i.51459869.6938864203,23-01-2021
ASUS VIVOBOOK A416JA INTEL CORE i3 1005G1 RAM8GB HDD1TB WINDOWS 10+OFFICE ORIGINAL,7.329.000,KOTA JAKARTA PUSAT,92,https://shopee.co.id/ASUS-VIVOBOOK-A416JA-INTEL-CORE-i3-1005G1-RAM8GB-HDD1TB-WINDOWS-10-OFFICE-ORIGINAL-i.32829345.2737985060,23-01-2021
