name,price,location,sold,link,date
"ASUS A409JA EK352FHD i3-1005G1 4GB 512GB SSD 14"" FHD WIN10",7.599.000,KAB. BATANG,0,https://shopee.co.id/ASUS-A409JA-EK352FHD-i3-1005G1-4GB-512GB-SSD-14-FHD-WIN10-i.172797811.5477637608,26-01-2021
Asus Zenbook UX425EA BM551TS/BM552TS i5 1135G7 8GB 512ssd IrisXe 80EU W10+OHS 14.0FHD Npad,14.099.000,KOTA JAKARTA UTARA,8,https://shopee.co.id/Asus-Zenbook-UX425EA-BM551TS-BM552TS-i5-1135G7-8GB-512ssd-IrisXe-80EU-W10-OHS-14.0FHD-Npad-i.250649369.4863498006,26-01-2021
ASUS Zenbook UM425IA - AMD Ryzen 5 4500 8GB 512ssd Vega 6 W10+OHS 14 FHD,12.699.000,KOTA JAKARTA UTARA,4,https://shopee.co.id/ASUS-Zenbook-UM425IA-AMD-Ryzen-5-4500-8GB-512ssd-Vega-6-W10-OHS-14-FHD-i.78730497.5651443033,26-01-2021
ASUS Zenbook Q407iQ AMD Ryzen 5-4500u 8GB 256SSD Win10,11.000.000,KOTA MALANG,4,https://shopee.co.id/ASUS-Zenbook-Q407iQ-AMD-Ryzen-5-4500u-8GB-256SSD-Win10-i.164898651.3762298608,26-01-2021
Asus Zenbook Q407IQ Ryzen 5-4500u 8GB 256GB MX350 2GB Win10 14 FHD,10.699.000,KOTA JAKARTA PUSAT,3,https://shopee.co.id/Asus-Zenbook-Q407IQ-Ryzen-5-4500u-8GB-256GB-MX350-2GB-Win10-14-FHD-i.47045592.5148235338,26-01-2021
"ASUS ZENBOOK FLIP 14 UM462DA AI501TS - RYZEN R5 3500U - 8GB - 512GB - 14""FHD 100%sRGB - W10 - OFFICE",12.099.000,KOTA JAKARTA BARAT,4,https://shopee.co.id/ASUS-ZENBOOK-FLIP-14-UM462DA-AI501TS-RYZEN-R5-3500U-8GB-512GB-14-FHD-100-sRGB-W10-OFFICE-i.30555036.3916037687,26-01-2021
"Asus Zenbook Q407iQ AMD Ryzen 5 4500/RAM 8GB/512GB SSD MX350-2GB 14.2"" FHD GREY",11.499.000,KOTA JAKARTA TIMUR,1,https://shopee.co.id/Asus-Zenbook-Q407iQ-AMD-Ryzen-5-4500-RAM-8GB-512GB-SSD-MX350-2GB-14.2-FHD-GREY-i.238865572.5166219737,26-01-2021
Asus Zenbook Duo Touch UX481FA i7 10510 8GB 512ssd W10 14.0FHD,19.499.000,KOTA JAKARTA SELATAN,7,https://shopee.co.id/Asus-Zenbook-Duo-Touch-UX481FA-i7-10510-8GB-512ssd-W10-14.0FHD-i.257997524.6041206455,26-01-2021
Asus Zenbook Flip UM462DA AI701TS 2in1 Touch Ryzen 7 3700/8GB/512ssd/W10/OHS 14.0FHD,13.499.000,KOTA JAKARTA SELATAN,1,https://shopee.co.id/Asus-Zenbook-Flip-UM462DA-AI701TS-2in1-Touch-Ryzen-7-3700-8GB-512ssd-W10-OHS-14.0FHD-i.256652736.4836447823,26-01-2021
Asus Zenbook UX325EA i7 1165G7 16GB 512 SSD Iris Xe 96EU FHD FREE OHS GARANSI RESMI,18.699.000,KOTA JAKARTA PUSAT,1,https://shopee.co.id/Asus-Zenbook-UX325EA-i7-1165G7-16GB-512-SSD-Iris-Xe-96EU-FHD-FREE-OHS-GARANSI-RESMI-i.161934666.4068457527,26-01-2021
"ASUS ZENBOOK UM425IA - RYZEN 5- 4500U - 8GB - 512GB - 14""FHD - WIN10 - OFFICE HOME STUDENT - NUMPAD",12.699.000,KOTA JAKARTA BARAT,36,https://shopee.co.id/ASUS-ZENBOOK-UM425IA-RYZEN-5-4500U-8GB-512GB-14-FHD-WIN10-OFFICE-HOME-STUDENT-NUMPAD-i.174585297.6330301600,26-01-2021
Asus Zenbook Q407iQ Ryzen 5 4500 8GB 256ssd MX350 2GB W10 14.0FHD,10.799.000,KOTA JAKARTA SELATAN,2,https://shopee.co.id/Asus-Zenbook-Q407iQ-Ryzen-5-4500-8GB-256ssd-MX350-2GB-W10-14.0FHD-i.30962556.7461323926,26-01-2021
Asus Zenbook Q407iQ AMD Ryzen 5 4500/RAM 8GB/256GB SSD/MX350-2GB/14/FHD/WIN10,10.699.000,KOTA JAKARTA TIMUR,1,https://shopee.co.id/Asus-Zenbook-Q407iQ-AMD-Ryzen-5-4500-RAM-8GB-256GB-SSD-MX350-2GB-14-FHD-WIN10-i.238865572.4559232568,26-01-2021
ASUS ZENBOOK UX334FAC - A501T,15.200.000,KOTA BALIKPAPAN,1,https://shopee.co.id/ASUS-ZENBOOK-UX334FAC-A501T-i.231459173.6965066011,26-01-2021
ASUS ZENBOOK DUO UX481FA i7-10510 8GB 512GB W10 14FHD TOUCH DUAL SCREEN,19.499.000,KOTA JAKARTA PUSAT,1,https://shopee.co.id/ASUS-ZENBOOK-DUO-UX481FA-i7-10510-8GB-512GB-W10-14FHD-TOUCH-DUAL-SCREEN-i.269581133.6367626015,26-01-2021
Asus ZenBook UX425JA BM501T Core i5-1035G1/8GB/512GB SSD/14″/Windows 10/Pine Grey,14.499.000,KOTA MEDAN,1,https://shopee.co.id/Asus-ZenBook-UX425JA-BM501T-Core-i5-1035G1-8GB-512GB-SSD-14″-Windows-10-Pine-Grey-i.110101298.7951044223,26-01-2021
ASUS ZENBOOK DUO UX481FL I5-10210 8Gb 512GB SSD MX250 2GB 14INCH FHD WIN10 ORI,20.990.000,KOTA JAKARTA BARAT,1,https://shopee.co.id/ASUS-ZENBOOK-DUO-UX481FL-I5-10210-8Gb-512GB-SSD-MX250-2GB-14INCH-FHD-WIN10-ORI-i.10573654.3249727875,26-01-2021
"ASUS ZenBook 14 UX425JA - i5-1035G1 8GB 512GB SSD WIN10 14""FHD",14.775.000,KOTA JAKARTA PUSAT,1,https://shopee.co.id/ASUS-ZenBook-14-UX425JA-i5-1035G1-8GB-512GB-SSD-WIN10-14-FHD-i.56983549.7849118751,26-01-2021
"Asus Zenbook UX334FLC - i7, MX250 2GB, 13.3"", 1TB SSD, 16GB, W10",20.650.000,KOTA JAKARTA PUSAT,1,https://shopee.co.id/Asus-Zenbook-UX334FLC-i7-MX250-2GB-13.3-1TB-SSD-16GB-W10-i.233628878.6220122311,26-01-2021
"ASUS ZENBOOK UX334FL-30TH - i7-8565U 16GB 1TB SSD MX250 WIN10 13.3""FHD",25.300.000,KOTA JAKARTA PUSAT,1,https://shopee.co.id/ASUS-ZENBOOK-UX334FL-30TH-i7-8565U-16GB-1TB-SSD-MX250-WIN10-13.3-FHD-i.56983549.4812630002,26-01-2021
