name,price,location,sold,link,date
HP Pav Gaming 15-DK1064TX (Black Green) -  Intel i5-10300H(2.5Ghz),16.299.000,KOTA MAKASSAR,0,https://shopee.co.id/HP-Pav-Gaming-15-DK1064TX-(Black-Green)-Intel-i5-10300H(2.5Ghz)-i.241679293.6358973229,14-01-2021
HP Pavilion Gaming 15 ec1076ax - AMD Ryzen 7 4800 16GB 512ssd GTX1660Ti 6GB W10+OHS 15.6FHD,16.549.000,KOTA JAKARTA UTARA,14,https://shopee.co.id/HP-Pavilion-Gaming-15-ec1076ax-AMD-Ryzen-7-4800-16GB-512ssd-GTX1660Ti-6GB-W10-OHS-15.6FHD-i.78730497.4159163349,14-01-2021
HP 22-C0035D AIO(White) | Intel Core i3-8130U | Intel Graphics 620 |RAM 4GB | HDD 1TB | W10,8.550.000,KOTA MAKASSAR,0,https://shopee.co.id/HP-22-C0035D-AIO(White)-Intel-Core-i3-8130U-Intel-Graphics-620-RAM-4GB-HDD-1TB-W10-i.241679293.7151284312,14-01-2021
Pc Hp Slimline S01-PD0111 (Black) | Intel Core i7-8700 | RAM 8 GB | SSD 512 GB | GeForce GT730 2GB,12.600.000,KOTA MAKASSAR,0,https://shopee.co.id/Pc-Hp-Slimline-S01-PD0111-(Black)-Intel-Core-i7-8700-RAM-8-GB-SSD-512-GB-GeForce-GT730-2GB-i.241679293.4867993434,14-01-2021
Pc Hp Slimline S01-PD0105L | Intel Core i5-8400 | RAM 4GB | HDD 1TB,7.300.000,KOTA MAKASSAR,0,https://shopee.co.id/Pc-Hp-Slimline-S01-PD0105L-Intel-Core-i5-8400-RAM-4GB-HDD-1TB-i.241679293.4458975188,14-01-2021
HP OMEN 15 GTX 1660Ti - 144HZ - RYZEN 7 4800H - 16GB RAM - 512GB SSD - Mica Silver,18.049.000,KOTA JAKARTA PUSAT,6,https://shopee.co.id/HP-OMEN-15-GTX-1660Ti-144HZ-RYZEN-7-4800H-16GB-RAM-512GB-SSD-Mica-Silver-i.259973835.7757715546,14-01-2021
HP OMEN 15 GTX 1660Ti - 144HZ - RYZEN 7 4800H - 16GB RAM - 1TB SSD - Mica Silver,18.699.000,KOTA JAKARTA PUSAT,1,https://shopee.co.id/HP-OMEN-15-GTX-1660Ti-144HZ-RYZEN-7-4800H-16GB-RAM-1TB-SSD-Mica-Silver-i.259973835.9707153672,14-01-2021
HP Omen 15 Ryzen 7 4800 16GB 512ssd | 1TB SSD GTX1660Ti 6GB W10 15.6FHD,17.849.000,KOTA JAKARTA UTARA,2,https://shopee.co.id/HP-Omen-15-Ryzen-7-4800-16GB-512ssd-1TB-SSD-GTX1660Ti-6GB-W10-15.6FHD-i.15641210.5556772980,14-01-2021
HP Omen 15 i7 9750 16GB 1TB+512ssd RTX2060 6GB W10 15.6FHD,20.699.000,KOTA JAKARTA SELATAN,3,https://shopee.co.id/HP-Omen-15-i7-9750-16GB-1TB-512ssd-RTX2060-6GB-W10-15.6FHD-i.257997524.6757340732,14-01-2021
"HP Omen 15 2020 Ryzen 7-4800H 16GB 512GB GTX1660Ti 6GB Win10 15,6 FHD",17.999.000,KOTA JAKARTA PUSAT,1,https://shopee.co.id/HP-Omen-15-2020-Ryzen-7-4800H-16GB-512GB-GTX1660Ti-6GB-Win10-15-6-FHD-i.47045592.5756766055,14-01-2021
HP OMEN 15-DH0180TX - i7-9750H 16GB 512GB 1TB RTX2060 6GB WIN10 OHS,23.895.000,KOTA JAKARTA PUSAT,1,https://shopee.co.id/HP-OMEN-15-DH0180TX-i7-9750H-16GB-512GB-1TB-RTX2060-6GB-WIN10-OHS-i.56983549.7339513792,14-01-2021
LAPTOP HP OMEN GAMING 2ND CORE I7 RAM 16GB MURAH,11.799.000,KOTA SEMARANG,1,https://shopee.co.id/LAPTOP-HP-OMEN-GAMING-2ND-CORE-I7-RAM-16GB-MURAH-i.308379475.6064707081,14-01-2021
"Laptop Gaming HP Omen 15 i7-9750H 8GB 512GB GTX1650 Win10 15,6 FHD",14.999.000,KOTA JAKARTA PUSAT,1,https://shopee.co.id/Laptop-Gaming-HP-Omen-15-i7-9750H-8GB-512GB-GTX1650-Win10-15-6-FHD-i.47045592.5850855956,14-01-2021
Monitor LED Gaming HP Omen X 25F 24'' 1920x1080 240Hz DP HDMI,4.220.800,KOTA JAKARTA PUSAT,2,https://shopee.co.id/Monitor-LED-Gaming-HP-Omen-X-25F-24''-1920x1080-240Hz-DP-HDMI-i.121104098.7432604792,14-01-2021
Pc Hp Slimline S01-PD0103L(Black) | Intel Core i3-8100 | VGA Intel Graphics 630 | RAM 4GB | HDD 1TB,6.000.000,KOTA MAKASSAR,0,https://shopee.co.id/Pc-Hp-Slimline-S01-PD0103L(Black)-Intel-Core-i3-8100-VGA-Intel-Graphics-630-RAM-4GB-HDD-1TB-i.241679293.7767206577,14-01-2021
PC HP Slimline 190-0201D(Black) | AMD Ryzen 3 - 2200 | VGA AMD Vega 8 | RAM 8GB | HDD 1TB | W10,7.149.000,KOTA MAKASSAR,0,https://shopee.co.id/PC-HP-Slimline-190-0201D(Black)-AMD-Ryzen-3-2200-VGA-AMD-Vega-8-RAM-8GB-HDD-1TB-W10-i.241679293.6567229281,14-01-2021
HP 14s dk1122AU dk1123AU - AMD Athlon Gold 3150 4GB 512ssd W10+OHS 14HD,6.899.000,KOTA JAKARTA UTARA,8,https://shopee.co.id/HP-14s-dk1122AU-dk1123AU-AMD-Athlon-Gold-3150-4GB-512ssd-W10-OHS-14HD-i.78730497.6348703124,14-01-2021
Lenovo Legion 5 A7ID - 144Hz AMD Ryzen 7 4800 16GB 512ssd RTX2060 6GB W10+OHS 15.6FHD,21.599.000,KOTA JAKARTA UTARA,3,https://shopee.co.id/Lenovo-Legion-5-A7ID-144Hz-AMD-Ryzen-7-4800-16GB-512ssd-RTX2060-6GB-W10-OHS-15.6FHD-i.78730497.4269751439,14-01-2021
PC HP Pro core i7 2600,2.650.000,KOTA BEKASI,0,https://shopee.co.id/PC-HP-Pro-core-i7-2600-i.25179320.5474579686,14-01-2021
"Lenovo Legion 5i Intel MTID i7 10750H 16GB GTX1660Ti 6G NVIDIA 512GB SSD 15"" FHD WVA 144Hz Win10 OHS",21.999.000,KOTA JAKARTA PUSAT,0,https://shopee.co.id/Lenovo-Legion-5i-Intel-MTID-i7-10750H-16GB-GTX1660Ti-6G-NVIDIA-512GB-SSD-15-FHD-WVA-144Hz-Win10-OHS-i.26026296.6065354414,14-01-2021
Laptop Termurah HP ELITEBOOK RAM 4GB HDD 320GB Berkualitas,2.550.000,KOTA BANDUNG,111,https://shopee.co.id/Laptop-Termurah-HP-ELITEBOOK-RAM-4GB-HDD-320GB-Berkualitas-i.250685702.5932710237,14-01-2021
"Lenovo Legion 5i Intel MUID i7 10750H 16GB RTX 2060 6GB NVIDIA 512GB SSD 15"" FHD WVA 144Hz Win10 OHS",23.999.000,KOTA JAKARTA PUSAT,4,https://shopee.co.id/Lenovo-Legion-5i-Intel-MUID-i7-10750H-16GB-RTX-2060-6GB-NVIDIA-512GB-SSD-15-FHD-WVA-144Hz-Win10-OHS-i.26026296.7667394722,14-01-2021
