name,price,location,sold,link,date
HP Pavilion 15-dk1064TX [1G7S2PA],15.899.000,KOTA JAKARTA UTARA,0,https://shopee.co.id/HP-Pavilion-15-dk1064TX-1G7S2PA--i.157002128.8609464909,23-01-2021
HP Pavilion Gaming 15-ec1076AX [22G93PA],17.399.000,KOTA JAKARTA UTARA,0,https://shopee.co.id/HP-Pavilion-Gaming-15-ec1076AX-22G93PA--i.157002128.4275719351,23-01-2021
HP All-in-One 200 G3 Non Windows [3ZF83PA],7.999.000,KOTA JAKARTA UTARA,0,https://shopee.co.id/HP-All-in-One-200-G3-Non-Windows-3ZF83PA--i.157002128.8909478295,23-01-2021
HP Notebook 245 G7 [2E6K2PA],6.999.000,KOTA JAKARTA UTARA,0,https://shopee.co.id/HP-Notebook-245-G7-2E6K2PA--i.157002128.9209083324,23-01-2021
HP Gaming Pavilion 15-dk1064TX i5-103000H 8GB 512GB SSD RTX2060 Win 10+OHS,15.599.000,KOTA JAKARTA BARAT,4,https://shopee.co.id/HP-Gaming-Pavilion-15-dk1064TX-i5-103000H-8GB-512GB-SSD-RTX2060-Win-10-OHS-i.30121154.2754102130,23-01-2021
HP Pavilion 14 X360 Touch i5 1035G1 8GB 256ssd W10 14.0FHD,9.850.000,KOTA BENGKULU,1,https://shopee.co.id/HP-Pavilion-14-X360-Touch-i5-1035G1-8GB-256ssd-W10-14.0FHD-i.300084802.7976294362,23-01-2021
HP Pavilion x360 Convertible 14-dh1055tx,14.332.000,KOTA JAKARTA UTARA,5,https://shopee.co.id/HP-Pavilion-x360-Convertible-14-dh1055tx-i.92611640.3444118301,23-01-2021
HP Pavilion 14-DV0068TX I7-1165G7 8GB 512GB SSD MX450 2GB FHD FREE OHS GARANSI RESMI,14.799.000,KOTA JAKARTA PUSAT,3,https://shopee.co.id/HP-Pavilion-14-DV0068TX-I7-1165G7-8GB-512GB-SSD-MX450-2GB-FHD-FREE-OHS-GARANSI-RESMI-i.161934666.7768413943,23-01-2021
HP Pavilion Gaming 15 ec1076ax - AMD Ryzen 7 4800 16GB 512ssd GTX1660Ti 6GB W10+OHS 15.6FHD,16.549.000,KOTA JAKARTA UTARA,14,https://shopee.co.id/HP-Pavilion-Gaming-15-ec1076ax-AMD-Ryzen-7-4800-16GB-512ssd-GTX1660Ti-6GB-W10-OHS-15.6FHD-i.78730497.4159163349,23-01-2021
HP PAVILION GAMING 15 DK1041TX  i7-10750H - 8GB - 1TB+256SSD - GTX1650 4GB - W10 - OFFICE - 144Hz,14.999.000,KOTA JAKARTA BARAT,49,https://shopee.co.id/HP-PAVILION-GAMING-15-DK1041TX-i7-10750H-8GB-1TB-256SSD-GTX1650-4GB-W10-OFFICE-144Hz-i.174585297.4217919230,23-01-2021
HP Pavilion Gaming 15 ec1077AX - 144Hz AMD Ryzen 5 4600 16GB 512ssd GTX1650 4GB W10+OHS 15.6FHD,12.999.000,KOTA JAKARTA UTARA,2,https://shopee.co.id/HP-Pavilion-Gaming-15-ec1077AX-144Hz-AMD-Ryzen-5-4600-16GB-512ssd-GTX1650-4GB-W10-OHS-15.6FHD-i.78730497.8409392652,23-01-2021
HP PAVILION GAMING 15 - i5 8300H 8GB 1TB GTX1050 4GB WIN1015.6 FHD - JUGA MENYEDIAKAN 1 Set Paket La,15.000.000,KOTA JAKARTA BARAT,9,https://shopee.co.id/HP-PAVILION-GAMING-15-i5-8300H-8GB-1TB-GTX1050-4GB-WIN1015.6-FHD-JUGA-MENYEDIAKAN-1-Set-Paket-La-i.214785747.4636281747,23-01-2021
HP Pavilion 13 AN0031 i3 8145 8GB 128ssd W10 13.3FHD,7.799.000,KOTA JAKARTA UTARA,3,https://shopee.co.id/HP-Pavilion-13-AN0031-i3-8145-8GB-128ssd-W10-13.3FHD-i.15641210.7711897589,23-01-2021
HP Pavilion 14 X360 Touch i5 1035G1 8GB 256ssd W10 14.0FHD,10.099.000,KOTA JAKARTA UTARA,4,https://shopee.co.id/HP-Pavilion-14-X360-Touch-i5-1035G1-8GB-256ssd-W10-14.0FHD-i.15641210.4017319010,23-01-2021
HP PAVILION Gaming 15-dk1064TX i5-10300H 8GB 512SSD RTX2060 6GB FHD WIN10 OHS,15.900.000,KOTA MALANG,11,https://shopee.co.id/HP-PAVILION-Gaming-15-dk1064TX-i5-10300H-8GB-512SSD-RTX2060-6GB-FHD-WIN10-OHS-i.164898651.3246103049,23-01-2021
Laptop Hp Pavilion Core i5 - Ram 8gb SSD 128gb - 15 inch keyboard numeric,3.950.000,KAB. JEPARA,1,https://shopee.co.id/Laptop-Hp-Pavilion-Core-i5-Ram-8gb-SSD-128gb-15-inch-keyboard-numeric-i.170072414.6171853797,23-01-2021
"HP Pavilion x360 2-in-1 14"" Touch-Screen Laptop - Intel Core i5 - 8GB Memory - 256GB SSD",10.299.000,KOTA JAKARTA PUSAT,3,https://shopee.co.id/HP-Pavilion-x360-2-in-1-14-Touch-Screen-Laptop-Intel-Core-i5-8GB-Memory-256GB-SSD-i.259973835.7736807036,23-01-2021
Laptop HP PAVILION 14 X360 i3-1005G1 8GB 128GB W10 14 FHD Touch,8.199.000,KOTA JAKARTA PUSAT,4,https://shopee.co.id/Laptop-HP-PAVILION-14-X360-i3-1005G1-8GB-128GB-W10-14-FHD-Touch-i.269581133.4569699325,23-01-2021
Laptop HP Pavilion x360 14 Inch Core i7-10510U 8GB MX250 512GB dh1055TX dh1054TX Gold Silver,14.487.000,KOTA JAKARTA PUSAT,25,https://shopee.co.id/Laptop-HP-Pavilion-x360-14-Inch-Core-i7-10510U-8GB-MX250-512GB-dh1055TX-dh1054TX-Gold-Silver-i.148846460.7523133031,23-01-2021
Laptop HP Pavilion X360 Touchscreen core i3,9.900.000,KOTA MALANG,2,https://shopee.co.id/Laptop-HP-Pavilion-X360-Touchscreen-core-i3-i.164898651.4940737597,23-01-2021
