name,price,location,sold,link,date
Laptop Murah Lenovo Thinkpad T440P Ci5 Tangguh dan Engsel Kokoh,3.450.000,KOTA JAKARTA PUSAT,0,https://shopee.co.id/Laptop-Murah-Lenovo-Thinkpad-T440P-Ci5-Tangguh-dan-Engsel-Kokoh-i.20247673.7045171272,14-01-2021
Laptop Second i5 Lenovo Thinkpad T410,2.350.000,KOTA JAKARTA BARAT,23,https://shopee.co.id/Laptop-Second-i5-Lenovo-Thinkpad-T410-i.18727563.6610715241,14-01-2021
Laptop Lenovo ThinkPad X260 i5 Gen 6 8/256 Bergaransi Dan Murah,5.100.000,KOTA BANDUNG,0,https://shopee.co.id/Laptop-Lenovo-ThinkPad-X260-i5-Gen-6-8-256-Bergaransi-Dan-Murah-i.77276577.6472173105,14-01-2021
Lenovo Legion Y530 - 73ID Core i7-8750H / RAM 8GB / Intel Optane / Windows 10 - Free Mouse Gaming,15.740.000,KOTA SURAKARTA (SOLO),0,https://shopee.co.id/Lenovo-Legion-Y530-73ID-Core-i7-8750H-RAM-8GB-Intel-Optane-Windows-10-Free-Mouse-Gaming-i.6488816.1657401687,14-01-2021
LENOVO THINKPAD X220 i5 |RAM 4GB |HDD 320GB |MULUSSS |BERGARANSI |MANTAPPP,2.399.000,KOTA JAKARTA UTARA,0,https://shopee.co.id/LENOVO-THINKPAD-X220-i5-RAM-4GB-HDD-320GB-MULUSSS-BERGARANSI-MANTAPPP-i.214933471.3354724429,14-01-2021
Lenovo ideapad 3i 14IGL05 N4020 4GB/256GB SSD/W10 OHS Red/Grey,4.999.000,KOTA JAKARTA PUSAT,2,https://shopee.co.id/Lenovo-ideapad-3i-14IGL05-N4020-4GB-256GB-SSD-W10-OHS-Red-Grey-i.24011016.4970800196,14-01-2021
"LENOVO IDEAPAD SLIM 3 + OHS (AMD 3020e Win10  256GB SSD 14"" HD TN )WIN 10",5.475.000,KOTA JAKARTA PUSAT,2,https://shopee.co.id/LENOVO-IDEAPAD-SLIM-3-OHS-(AMD-3020e-Win10-256GB-SSD-14-HD-TN-)WIN-10-i.141973518.6970861155,14-01-2021
"LENOVO Ideapad Slim 3 14ADA05 14"" HD/AMD 3020e/4GB/256GB SSD/Win10+OHS",5.488.000,KOTA JAKARTA UTARA,1,https://shopee.co.id/LENOVO-Ideapad-Slim-3-14ADA05-14-HD-AMD-3020e-4GB-256GB-SSD-Win10-OHS-i.257244871.5273132361,14-01-2021
"Lenovo Ideapad 330-14ast Intel Celeron N4000, Ramal 4gb HDD 1tb, mulus-second",4.100.000,KOTA BOGOR,1,https://shopee.co.id/Lenovo-Ideapad-330-14ast-Intel-Celeron-N4000-Ramal-4gb-HDD-1tb-mulus-second-i.163364264.4272575381,14-01-2021
Lenovo Ideapad Slim 5i 14ITL05 i5-1135G7 / 8GB_DDR4 / 512GB / 2Y Premium Care / Graphite Grey,11.160.000,KOTA JAKARTA UTARA,2,https://shopee.co.id/Lenovo-Ideapad-Slim-5i-14ITL05-i5-1135G7-8GB_DDR4-512GB-2Y-Premium-Care-Graphite-Grey-i.51115741.3469263374,14-01-2021
LENOVO IDEAPAD SLIM 3i - 14IGL05,5.299.000,KOTA MEDAN,1,https://shopee.co.id/LENOVO-IDEAPAD-SLIM-3i-14IGL05-i.13315074.9603503842,14-01-2021
"LENOVO IDEAPAD SLIM 3 - INTEL N4020 - 4GB - 256 GB SSD - 14""- WIN10 - OFFICE HOME STUDENT",5.699.000,KOTA KEDIRI,3,https://shopee.co.id/LENOVO-IDEAPAD-SLIM-3-INTEL-N4020-4GB-256-GB-SSD-14-WIN10-OFFICE-HOME-STUDENT-i.6689776.8302511495,14-01-2021
Lenovo Ideapad 3 15 Ryzen 5-3500U 8GB 256GB AMD Radeon Win10 15.6 FHD,8.199.000,KOTA JAKARTA PUSAT,1,https://shopee.co.id/Lenovo-Ideapad-3-15-Ryzen-5-3500U-8GB-256GB-AMD-Radeon-Win10-15.6-FHD-i.47045592.7569070144,14-01-2021
Lenovo Ideapad Slim 5i 14 i5 1135G7 8GB 512ssd W10+OHS 14.0FHD IPS 2Yr ADP -5JID/5LID,10.499.000,KOTA JAKARTA UTARA,2,https://shopee.co.id/Lenovo-Ideapad-Slim-5i-14-i5-1135G7-8GB-512ssd-W10-OHS-14.0FHD-IPS-2Yr-ADP-5JID-5LID-i.250649369.4769494714,14-01-2021
LENOVO IDEAPAD 3 14IIL INTEL I3 1005G1 8/4GB 512GB SSD INTEL GRAPHICS WIN10HOME + OHS,7.820.000,KOTA JAKARTA SELATAN,2,https://shopee.co.id/LENOVO-IDEAPAD-3-14IIL-INTEL-I3-1005G1-8-4GB-512GB-SSD-INTEL-GRAPHICS-WIN10HOME-OHS-i.237770067.6871543664,14-01-2021
LAPTOP IDEAPAD SLIM 3 AMD RYZEN 5-3500U RAM 8GB 256GB SSD,8.600.000,KOTA TANGERANG,0,https://shopee.co.id/LAPTOP-IDEAPAD-SLIM-3-AMD-RYZEN-5-3500U-RAM-8GB-256GB-SSD-i.54184692.5075828692,14-01-2021
Laptop Lenovo T530 i5 Gen 3 Berkualitas Bergaransi Dan Murah,2.750.000,KOTA BANDUNG,0,https://shopee.co.id/Laptop-Lenovo-T530-i5-Gen-3-Berkualitas-Bergaransi-Dan-Murah-i.77276577.7274505037,14-01-2021
LEPTOP PC LENOVO 1P3 core i3 -1005G1 4GB 512GB,8.399.000,KOTA BEKASI,0,https://shopee.co.id/LEPTOP-PC-LENOVO-1P3-core-i3-1005G1-4GB-512GB-i.159956412.4466429062,14-01-2021
Lenovo IdeaPad Slim 3 14ADA DSID AMD 3020E SSD 256GB Win10 OHS,5.725.000,KOTA PALEMBANG,1,https://shopee.co.id/Lenovo-IdeaPad-Slim-3-14ADA-DSID-AMD-3020E-SSD-256GB-Win10-OHS-i.148017040.7952737803,14-01-2021
Lenovo Ideapad Core i3 - RAM 4GB - 1TB/256GB - S145/V14 - Win10 + Office Original,7.310.000,KOTA TANGERANG,5,https://shopee.co.id/Lenovo-Ideapad-Core-i3-RAM-4GB-1TB-256GB-S145-V14-Win10-Office-Original-i.290474546.6646210560,14-01-2021
LENOVO IdeaPad SLIM 3 AMD ATHLON SILVER 3050U 4GB SSD256GB WINDOWS OHS,6.700.000,KOTA SURABAYA,4,https://shopee.co.id/LENOVO-IdeaPad-SLIM-3-AMD-ATHLON-SILVER-3050U-4GB-SSD256GB-WINDOWS-OHS-i.1058807.7154992319,14-01-2021
"LENOVO IDEAPAD SLIM 3 14ADA05 AMD Ryzen 3-3250U 4GB 256GB 14"" FHD W10+OHS",7.499.000,KOTA JAKARTA PUSAT,5,https://shopee.co.id/LENOVO-IDEAPAD-SLIM-3-14ADA05-AMD-Ryzen-3-3250U-4GB-256GB-14-FHD-W10-OHS-i.27662413.7115667371,14-01-2021
"LENOVO IDEAPAD SLIM 5i - i5-1135G7 - 8GB - 512SSD - IRIS XE - BACKLIT - 14""FHD IPS - W10 - OFFICE",10.999.000,KOTA JAKARTA BARAT,11,https://shopee.co.id/LENOVO-IDEAPAD-SLIM-5i-i5-1135G7-8GB-512SSD-IRIS-XE-BACKLIT-14-FHD-IPS-W10-OFFICE-i.30555036.7336568567,14-01-2021
Lenovo Ideapad IP330s-14IKB [81F4016KID] i5-8250u 8GB 1TB 16GB Optane Radeon 540 2GB,10.999.000,KAB. CIAMIS,1,https://shopee.co.id/Lenovo-Ideapad-IP330s-14IKB-81F4016KID-i5-8250u-8GB-1TB-16GB-Optane-Radeon-540-2GB-i.13257503.6431925036,14-01-2021
"LENOVO IdeaPad Flex 5 14IIL05-66ID 14"" FHD Touch/Intel Core i5 1035G1/8GB/512GB SSD/win10home+Office",12.599.000,KOTA JAKARTA BARAT,1,https://shopee.co.id/LENOVO-IdeaPad-Flex-5-14IIL05-66ID-14-FHD-Touch-Intel-Core-i5-1035G1-8GB-512GB-SSD-win10home-Office-i.5677801.6755567919,14-01-2021
"Lenovo IdeaPad Flex 5 8DID 14IIL05 - i3-1005G1 8GB 512GB WIN10 OHS 14""FHD",10.999.999,KOTA JAKARTA PUSAT,6,https://shopee.co.id/Lenovo-IdeaPad-Flex-5-8DID-14IIL05-i3-1005G1-8GB-512GB-WIN10-OHS-14-FHD-i.56983549.6551281193,14-01-2021
LENOVO IdeaPad Slim 3 14IGL05 CEL N4020 4GB 256GB W10 + OHS,5.599.000,KOTA DENPASAR,1,https://shopee.co.id/LENOVO-IdeaPad-Slim-3-14IGL05-CEL-N4020-4GB-256GB-W10-OHS-i.172396900.3951503456,14-01-2021
"Lenovo IdeaPad Slim 5 - 14ARE05 | 14"" | R5-4500U | Vega 6 2GB | RAM 8GB | Win 10 HOME + OHS 2019",10.899.000,KOTA JAKARTA UTARA,2,https://shopee.co.id/Lenovo-IdeaPad-Slim-5-14ARE05-14-R5-4500U-Vega-6-2GB-RAM-8GB-Win-10-HOME-OHS-2019-i.86803663.5856636676,14-01-2021
LENOVO IDEAPAD SLIM 3 INTEL i5 1035G1 8GB SSD512GB NVIDIA MX330 2GB WINDOWS10 OFFICE ORIGINAL,10.290.000,KOTA SURABAYA,17,https://shopee.co.id/LENOVO-IDEAPAD-SLIM-3-INTEL-i5-1035G1-8GB-SSD512GB-NVIDIA-MX330-2GB-WINDOWS10-OFFICE-ORIGINAL-i.1058807.5843642843,14-01-2021
LENOVO IDEAPAD SLIM 3-14IIL-1035G1-8GB-512GB-MX330-WIN10 ABYSS BLUE + OHS,10.560.000,KOTA JAKARTA PUSAT,2,https://shopee.co.id/LENOVO-IDEAPAD-SLIM-3-14IIL-1035G1-8GB-512GB-MX330-WIN10-ABYSS-BLUE-OHS-i.21228167.6851494386,14-01-2021
Lenovo Ideapad Slim 3 14ARE Ryzen 7 4700 8GB 512ssd Vega7 W10+OHS 14.0FHD IPS,9.849.000,KOTA JAKARTA PUSAT,2,https://shopee.co.id/Lenovo-Ideapad-Slim-3-14ARE-Ryzen-7-4700-8GB-512ssd-Vega7-W10-OHS-14.0FHD-IPS-i.270342862.5252936179,14-01-2021
Lenovo Ideapad Gaming 3i AUID i7-10750H 16GB SSD 512GB GTX 1650 4GB,15.500.000,KOTA SURABAYA,3,https://shopee.co.id/Lenovo-Ideapad-Gaming-3i-AUID-i7-10750H-16GB-SSD-512GB-GTX-1650-4GB-i.76356794.3442327873,14-01-2021
"Lenovo IdeaPad Slim 3 - 14ARE05 | 14"" | R5-4500U | Vega 6 2GB | RAM 8GB | Win 10 HOME + OHS 2019",10.199.000,KOTA JAKARTA UTARA,9,https://shopee.co.id/Lenovo-IdeaPad-Slim-3-14ARE05-14-R5-4500U-Vega-6-2GB-RAM-8GB-Win-10-HOME-OHS-2019-i.86803663.6039794933,14-01-2021
Lenovo Ideapad Slim 3 14ARE05-21ID AMD Ryzen 3-4300U 8GB 512GB,9.499.000,KOTA SEMARANG,4,https://shopee.co.id/Lenovo-Ideapad-Slim-3-14ARE05-21ID-AMD-Ryzen-3-4300U-8GB-512GB-i.162756018.7841021738,14-01-2021
LENOVO IDEAPAD SLIM 3 RYZEN 3-4300 8GB 512GB 14INCH FHD IPS WIN10+OFFICE HOME STUDENT,8.899.000,KOTA JAKARTA UTARA,4,https://shopee.co.id/LENOVO-IDEAPAD-SLIM-3-RYZEN-3-4300-8GB-512GB-14INCH-FHD-IPS-WIN10-OFFICE-HOME-STUDENT-i.17662741.7940746253,14-01-2021
LENOVO IdeaPad Gaming 3i AUID i7-10750H 16GB 512GB GTX 1650 Win10 Home + OHS,15.849.900,KOTA JAKARTA PUSAT,1,https://shopee.co.id/LENOVO-IdeaPad-Gaming-3i-AUID-i7-10750H-16GB-512GB-GTX-1650-Win10-Home-OHS-i.85424513.4739507002,14-01-2021
"Lenovo IdeaPad Gaming 3i - 15IMH | 15,6"" | i7-10750H | GTX 1650 4GB | 8GB | Win 10 HOME + OHS 2019",15.299.000,KOTA JAKARTA UTARA,1,https://shopee.co.id/Lenovo-IdeaPad-Gaming-3i-15IMH-15-6-i7-10750H-GTX-1650-4GB-8GB-Win-10-HOME-OHS-2019-i.86803663.5939464875,14-01-2021
Laptop lenovo ideapad 300s,3.250.000,KOTA JAKARTA BARAT,1,https://shopee.co.id/Laptop-lenovo-ideapad-300s-i.13081057.8503553259,14-01-2021
Laptop Lenovo ideapad 330-14IGM Intel N4000 Windows 10,5.375.000,KOTA JAKARTA BARAT,4,https://shopee.co.id/Laptop-Lenovo-ideapad-330-14IGM-Intel-N4000-Windows-10-i.327043379.4371161474,14-01-2021
Lenovo ideapad 3 14 ARE05 Ryzen 5 4500U/8GB/512GB SSD/VGA 8 W10 OHS 2019,9.999.000,KOTA JAKARTA PUSAT,4,https://shopee.co.id/Lenovo-ideapad-3-14-ARE05-Ryzen-5-4500U-8GB-512GB-SSD-VGA-8-W10-OHS-2019-i.24011016.6340181635,14-01-2021
"Lenovo Ideapad IP130 RAM 8GB AMD 7th 9125 2,3Ghz HDD500GB DVD RW Windows 10 Original TERMURAH",3.899.000,KOTA JAKARTA TIMUR,1,https://shopee.co.id/Lenovo-Ideapad-IP130-RAM-8GB-AMD-7th-9125-2-3Ghz-HDD500GB-DVD-RW-Windows-10-Original-TERMURAH-i.96056952.5442005952,14-01-2021
LAPTOP LENOVO IDEAPAD S145 INTEL CORE I5 - SECOND MULUS,6.999.000,KOTA JAKARTA BARAT,20,https://shopee.co.id/LAPTOP-LENOVO-IDEAPAD-S145-INTEL-CORE-I5-SECOND-MULUS-i.64165590.8304399992,14-01-2021
"Lenovo IdeaPad Gaming 3i - 15IMH | 15,6"" | i7-10750H | GTX 1650Ti 4GB | 16GB | Win 10 HOME + OHS2019",17.099.000,KOTA JAKARTA UTARA,1,https://shopee.co.id/Lenovo-IdeaPad-Gaming-3i-15IMH-15-6-i7-10750H-GTX-1650Ti-4GB-16GB-Win-10-HOME-OHS2019-i.86803663.3939567789,14-01-2021
Lenovo Ideapad S340 14 Ryzen 5 3500 8GB 512ssd Vega8 FHD FREE OFFICE ORI,8.849.000,KOTA BEKASI,1,https://shopee.co.id/Lenovo-Ideapad-S340-14-Ryzen-5-3500-8GB-512ssd-Vega8-FHD-FREE-OFFICE-ORI-i.319647164.9804618653,14-01-2021
Laptop Lenovo Ideapad S145-14AST AMD A4-9125 RAM 4GB 1TB,5.599.000,KOTA JAKARTA BARAT,1,https://shopee.co.id/Laptop-Lenovo-Ideapad-S145-14AST-AMD-A4-9125-RAM-4GB-1TB-i.327043379.4970431265,14-01-2021
"Lenovo IdeaPad L340 Gaming 1VID + OHS (i7 9750HF Win10 16GB 512 SSD 15.6"" FHD WVA NVIDIA GTX1650 4G)",14.649.000,KOTA SURABAYA,1,https://shopee.co.id/Lenovo-IdeaPad-L340-Gaming-1VID-OHS-(i7-9750HF-Win10-16GB-512-SSD-15.6-FHD-WVA-NVIDIA-GTX1650-4G)-i.252699817.7945501628,14-01-2021
Laptop LENOVO Ideapad S340 | Ryzen 5 3500 8GB 512ssd Vega8 W10+OHS 14.0FHD |-GDID,8.849.000,KOTA JAKARTA UTARA,3,https://shopee.co.id/Laptop-LENOVO-Ideapad-S340-Ryzen-5-3500-8GB-512ssd-Vega8-W10-OHS-14.0FHD-GDID-i.217781231.8704608743,14-01-2021
LAPTOP LENOVO IDEAPAD IP3 14IGL05 N4020 4GB 256GB W10 OHS,5.349.999,KOTA BANDUNG,3,https://shopee.co.id/LAPTOP-LENOVO-IDEAPAD-IP3-14IGL05-N4020-4GB-256GB-W10-OHS-i.71194448.5868208306,14-01-2021
"Lenovo IdeaPad L340 Gaming SVID + OHS (i7 9750H Win10 8GB 512G SSD 15.6"" FHD IPS NVIDIA GTX1650 4G)",14.249.000,KOTA SURABAYA,2,https://shopee.co.id/Lenovo-IdeaPad-L340-Gaming-SVID-OHS-(i7-9750H-Win10-8GB-512G-SSD-15.6-FHD-IPS-NVIDIA-GTX1650-4G)-i.252699817.4231956030,14-01-2021
Laptop Murah Lenovo Ideapad Slim 5 14 EVID Ryzen 7 4800 8GB 512ssd W10+OHS 14.0FHD IPS 2Yr ADP BLUE,11.799.000,KOTA JAKARTA UTARA,2,https://shopee.co.id/Laptop-Murah-Lenovo-Ideapad-Slim-5-14-EVID-Ryzen-7-4800-8GB-512ssd-W10-OHS-14.0FHD-IPS-2Yr-ADP-BLUE-i.225418842.4570381283,14-01-2021
Laptop Lenovo ideapad 130 AMD A4-9125,5.325.000,KOTA JAKARTA BARAT,5,https://shopee.co.id/Laptop-Lenovo-ideapad-130-AMD-A4-9125-i.327043379.5362071776,14-01-2021
Laptop Lenovo Ideapad 320 A4-9125 RAM 4 GB HDD 500 GB Mulus,3.600.000,KOTA SURABAYA,2,https://shopee.co.id/Laptop-Lenovo-Ideapad-320-A4-9125-RAM-4-GB-HDD-500-GB-Mulus-i.19107267.4472365758,14-01-2021
laptop lenovo ideapad hitam 110 celeron n3160 2gb ram 14inch,2.050.000,KOTA TANGERANG,2,https://shopee.co.id/laptop-lenovo-ideapad-hitam-110-celeron-n3160-2gb-ram-14inch-i.18199758.7938575092,14-01-2021
Laptop Lenovo ideapad 330 AMD A9-9425,5.825.000,KOTA JAKARTA BARAT,1,https://shopee.co.id/Laptop-Lenovo-ideapad-330-AMD-A9-9425-i.327043379.8302472011,14-01-2021
"Lenovo Ideapad Flex 5 14ITL Core i7 1165G7 16GB SSD 512GB 14"" IPS",15.264.850,KOTA SURABAYA,1,https://shopee.co.id/Lenovo-Ideapad-Flex-5-14ITL-Core-i7-1165G7-16GB-SSD-512GB-14-IPS-i.10672161.5170562451,14-01-2021
Lenovo ideapad 330 14AST Like New Laptop Second Bekas Murah Fullset Lengkap Garansi Resmi,3.300.000,KAB. INDRAMAYU,1,https://shopee.co.id/Lenovo-ideapad-330-14AST-Like-New-Laptop-Second-Bekas-Murah-Fullset-Lengkap-Garansi-Resmi-i.49656833.7062244892,14-01-2021
PROMO Lenovo Ideapad V130-15IGM RAM 4GB BONUS TAS & INSTALL,4.531.600,KOTA SURABAYA,1,https://shopee.co.id/PROMO-Lenovo-Ideapad-V130-15IGM-RAM-4GB-BONUS-TAS-INSTALL-i.7217222.2033562987,14-01-2021
Lenovo Ideapad Slim 5i 14ITL05 i7-1165G7 / 16GB_DDR4 / 512GB_SSD_M.2_2242_NVME_TLC / 2Y Premium Care,14.845.000,KOTA JAKARTA UTARA,5,https://shopee.co.id/Lenovo-Ideapad-Slim-5i-14ITL05-i7-1165G7-16GB_DDR4-512GB_SSD_M.2_2242_NVME_TLC-2Y-Premium-Care-i.51115741.5369033389,14-01-2021
"Laptop Lenovo Ideapad Slim 3 14IGL05 Intel N4020|4GB|256GB|14""|W10 OHS",6.145.000,KOTA MAKASSAR,2,https://shopee.co.id/Laptop-Lenovo-Ideapad-Slim-3-14IGL05-Intel-N4020-4GB-256GB-14-W10-OHS-i.125813652.5963828119,14-01-2021
Laptop Lenovo Ideapad 330 AMD E2-9000.Ram 4GB.Hdd 500GB.Win10 ORI,3.950.000,KOTA BOGOR,1,https://shopee.co.id/Laptop-Lenovo-Ideapad-330-AMD-E2-9000.Ram-4GB.Hdd-500GB.Win10-ORI-i.206148480.9004472765,14-01-2021
"LAPTOP LENOVO Ideapad S130-14IGM intel N4000 4GB/128GB SSD/14""/Wind10.",5.375.500,KOTA JAKARTA BARAT,2,https://shopee.co.id/LAPTOP-LENOVO-Ideapad-S130-14IGM-intel-N4000-4GB-128GB-SSD-14-Wind10.-i.155091739.2588464485,14-01-2021
Laptop Lenovo Core i5-1035G1 Ideapad SLIM 3-14IIL RAM 8GB 512GB SSD Nvidia MX330 Win10 + OHS,10.560.000,KOTA TANGERANG,3,https://shopee.co.id/Laptop-Lenovo-Core-i5-1035G1-Ideapad-SLIM-3-14IIL-RAM-8GB-512GB-SSD-Nvidia-MX330-Win10-OHS-i.290474546.3849844429,14-01-2021
Laptop Lenovo Ideapad 130 AMD A4-9125 | VGA R3 | 4GB | 500GB | Win10,4.700.000,KOTA JAKARTA BARAT,1,https://shopee.co.id/Laptop-Lenovo-Ideapad-130-AMD-A4-9125-VGA-R3-4GB-500GB-Win10-i.45923187.5444669193,14-01-2021
[MURAH] Lenovo Ideapad S145 - AMD Athlon 300,5.000.000,KOTA JAKARTA TIMUR,1,https://shopee.co.id/-MURAH-Lenovo-Ideapad-S145-AMD-Athlon-300-i.64224716.4461944311,14-01-2021
LAPTOP LENOVO IDEAPAD 320-14AST/AMD A9-9420/RAM 4GB/HDD 1TB/WINDOWS 10,4.500.000,KOTA JAKARTA BARAT,1,https://shopee.co.id/LAPTOP-LENOVO-IDEAPAD-320-14AST-AMD-A9-9420-RAM-4GB-HDD-1TB-WINDOWS-10-i.127463640.1941481948,14-01-2021
Laptop Lenovo Ideapad 320 Intel Core i3-6006U | VGA 2GB Nvidia | RAM 4GB | HDD 1TB | Windows 10,6.850.000,KOTA JAKARTA BARAT,1,https://shopee.co.id/Laptop-Lenovo-Ideapad-320-Intel-Core-i3-6006U-VGA-2GB-Nvidia-RAM-4GB-HDD-1TB-Windows-10-i.125897475.1903514450,14-01-2021
Laptop Lenovo Ideapad 320 Intel Core i3-6006U | RAM 4GB | HDD 1TB | Windows 10,6.450.000,KOTA JAKARTA BARAT,4,https://shopee.co.id/Laptop-Lenovo-Ideapad-320-Intel-Core-i3-6006U-RAM-4GB-HDD-1TB-Windows-10-i.125897475.1903973671,14-01-2021
Lenovo IDEAPAD 330,6.089.000,KOTA PRABUMULIH,2,https://shopee.co.id/Lenovo-IDEAPAD-330-i.3731977.2611864216,14-01-2021
PROMO LAPTOP Lenovo Ideapad V130-15IKB Intel CORE I3 GENERASI 7 VGA 2GB HDD 1TB FREE TAS & INSTALL,4.950.000,KOTA SURABAYA,1,https://shopee.co.id/PROMO-LAPTOP-Lenovo-Ideapad-V130-15IKB-Intel-CORE-I3-GENERASI-7-VGA-2GB-HDD-1TB-FREE-TAS-INSTALL-i.7217222.5314632632,14-01-2021
Lenovo Ideapad S145-14AST / AMD A9-9425 Ram 4gb HDD 1tb,4.700.000,KOTA BOGOR,1,https://shopee.co.id/Lenovo-Ideapad-S145-14AST-AMD-A9-9425-Ram-4gb-HDD-1tb-i.163364264.7174983753,14-01-2021
"LAPTOP GAMING Lenovo Ideapad L340-15API | AMD Ryzen 3 | 8 GB | 1TB HDD + SLOT SSD | DOS | 15"" | DOS",6.838.191,KOTA SURABAYA,1,https://shopee.co.id/LAPTOP-GAMING-Lenovo-Ideapad-L340-15API-AMD-Ryzen-3-8-GB-1TB-HDD-SLOT-SSD-DOS-15-DOS-i.7863445.958030021,14-01-2021
Lenovo Ideapad V130 N4000 Ram4GB HDD 1TB 14inc Second,3.500.000,KOTA BANDUNG,1,https://shopee.co.id/Lenovo-Ideapad-V130-N4000-Ram4GB-HDD-1TB-14inc-Second-i.32664305.3411285357,14-01-2021
Lenovo ideapad 720s-13IKB,9.900.000,KOTA JAKARTA UTARA,1,https://shopee.co.id/Lenovo-ideapad-720s-13IKB-i.25797517.2887839078,14-01-2021
"LENOVO IDEAPAD 730S i5-8265U 8GB 256GB WIN10 13,3""FHD ( YOGA S730 )",10.399.000,KOTA JAKARTA PUSAT,2,https://shopee.co.id/LENOVO-IDEAPAD-730S-i5-8265U-8GB-256GB-WIN10-13-3-FHD-(-YOGA-S730-)-i.47045592.5837210612,14-01-2021
Lenovo Ideapad 320 AMD A4 Gen-7 RAM 4GB Second Laptop Bekas Murah Buat Kuliah Kerja setara i3 i5,3.500.000,KOTA TANGERANG SELATAN,1,https://shopee.co.id/Lenovo-Ideapad-320-AMD-A4-Gen-7-RAM-4GB-Second-Laptop-Bekas-Murah-Buat-Kuliah-Kerja-setara-i3-i5-i.6356067.2812314891,14-01-2021
"(FREE ONGKIR + P. KAYU) SlimBook 11.6"" LENOVO IdeaPad 120s Blizzard White",2.700.000,KOTA PALEMBANG,1,https://shopee.co.id/(FREE-ONGKIR-P.-KAYU)-SlimBook-11.6-LENOVO-IdeaPad-120s-Blizzard-White-i.20991683.1896849054,14-01-2021
LENOVO IDEAPAD SLIM 3 i5 - 1035Gi 8GB 512GB SSD MX330 IPS FREE OHS2019 Win10 64bit,10.249.000,KOTA JAKARTA PUSAT,2,https://shopee.co.id/LENOVO-IDEAPAD-SLIM-3-i5-1035Gi-8GB-512GB-SSD-MX330-IPS-FREE-OHS2019-Win10-64bit-i.141973518.5748829090,14-01-2021
Laptop Lenovo Ideapad 130 AMD A4-9125.Ram 4GB.Hdd 500GB Garansi panjang,4.000.000,KOTA BOGOR,2,https://shopee.co.id/Laptop-Lenovo-Ideapad-130-AMD-A4-9125.Ram-4GB.Hdd-500GB-Garansi-panjang-i.206148480.5344912675,14-01-2021
LAPTOP LENOVO IDEAPAD 330 INTEL CORE i3-6006 RAM 4GB HDD 1TB WINDOWS 10,5.350.000,KOTA JAKARTA BARAT,1,https://shopee.co.id/LAPTOP-LENOVO-IDEAPAD-330-INTEL-CORE-i3-6006-RAM-4GB-HDD-1TB-WINDOWS-10-i.127463640.7115240582,14-01-2021
Lenovo IdeaPad 110 14AST AMD A9 DDR4 4GB 1TB,2.699.000,KAB. PACITAN,1,https://shopee.co.id/Lenovo-IdeaPad-110-14AST-AMD-A9-DDR4-4GB-1TB-i.106946860.4918108629,14-01-2021
LAPTOP LENOVO IDEAPAD 330 I3-7020U 4GB DVDRW RADEON GRAPHICS,5.499.000,KOTA JAKARTA BARAT,2,https://shopee.co.id/LAPTOP-LENOVO-IDEAPAD-330-I3-7020U-4GB-DVDRW-RADEON-GRAPHICS-i.161292590.5312328308,14-01-2021
Notebook Lenovo Ideapad Slim 3-DRID/DQID,5.500.000,KAB. KUDUS,1,https://shopee.co.id/Notebook-Lenovo-Ideapad-Slim-3-DRID-DQID-i.284719919.3554436552,14-01-2021
(DISCONTINUE) Lenovo Legion Y540 - 15IRH | Pengganti : Legion 5 & 5i / IdeaPad Gaming 3 & 3i,14.499.000,KOTA JAKARTA UTARA,9,https://shopee.co.id/(DISCONTINUE)-Lenovo-Legion-Y540-15IRH-Pengganti-Legion-5-5i-IdeaPad-Gaming-3-3i-i.86803663.5120860153,14-01-2021
PROMO Lenovo Ideapad 130-15IKB VGA NVIDIA GEFORCE I5 GENERASI 8 HARDISK 1000GB FREE INSTALL & TAS,7.209.000,KOTA SURABAYA,1,https://shopee.co.id/PROMO-Lenovo-Ideapad-130-15IKB-VGA-NVIDIA-GEFORCE-I5-GENERASI-8-HARDISK-1000GB-FREE-INSTALL-TAS-i.7217222.2174163758,14-01-2021
Laptop Lenovo Ideapad 330 AMD Radeon E2-9000 | Radeon R2 | RAM 4GB | HDD 500GB | Win10,4.250.000,KOTA JAKARTA BARAT,1,https://shopee.co.id/Laptop-Lenovo-Ideapad-330-AMD-Radeon-E2-9000-Radeon-R2-RAM-4GB-HDD-500GB-Win10-i.125897475.2886588184,14-01-2021
"LAPTOP LENOVO IDEAPAD SLIM 3 - i5-1035G1 8GB 512GB MX330 2GB 14"" Windows 10 home free office 2019",10.799.000,KOTA JAKARTA PUSAT,1,https://shopee.co.id/LAPTOP-LENOVO-IDEAPAD-SLIM-3-i5-1035G1-8GB-512GB-MX330-2GB-14-Windows-10-home-free-office-2019-i.27662413.3850789894,14-01-2021
PROMO LAPTOP Lenovo Ideapad V130-15IKB Intel CORE i3 GENERASI 7 RAM 4GB VGA DEDICATED2GB HDD1TB +TAS,5.325.000,KOTA SURABAYA,1,https://shopee.co.id/PROMO-LAPTOP-Lenovo-Ideapad-V130-15IKB-Intel-CORE-i3-GENERASI-7-RAM-4GB-VGA-DEDICATED2GB-HDD1TB-TAS-i.22062353.4040301703,14-01-2021
"LAPTOP LENOVO IDEAPAD SLIM 3 - i3-1005G1 4GB 512GB MX330 2GB 14"" Windows 10 home free office",8.899.000,KOTA JAKARTA PUSAT,1,https://shopee.co.id/LAPTOP-LENOVO-IDEAPAD-SLIM-3-i3-1005G1-4GB-512GB-MX330-2GB-14-Windows-10-home-free-office-i.27662413.4250693658,14-01-2021
IdeaPad Gaming 3 - i7-10750H/16Gb/512SSD/Win10/GTX1650 (81Y400AUID),16.099.000,KOTA MALANG,1,https://shopee.co.id/IdeaPad-Gaming-3-i7-10750H-16Gb-512SSD-Win10-GTX1650-(81Y400AUID)-i.46726200.5639671730,14-01-2021
LAPTOP Lenovo Ideapad 130-15IKB Core I3-6006U RAM 4GB DAN HARDISK 1TB BONUS TAS & INSTALL,4.875.600,KOTA SURABAYA,1,https://shopee.co.id/LAPTOP-Lenovo-Ideapad-130-15IKB-Core-I3-6006U-RAM-4GB-DAN-HARDISK-1TB-BONUS-TAS-INSTALL-i.7217222.2155478581,14-01-2021
Laptop Lenovo Ideapad 130 Intel Core i3-7020U | 8GB | 1TB | Windows 10,6.850.000,KOTA JAKARTA BARAT,1,https://shopee.co.id/Laptop-Lenovo-Ideapad-130-Intel-Core-i3-7020U-8GB-1TB-Windows-10-i.125897475.3155771539,14-01-2021
Laptop Lenovo Ideapad 130 Intel Core i3-7020U | 4GB | 1TB | Windows 10,6.550.000,KOTA JAKARTA BARAT,2,https://shopee.co.id/Laptop-Lenovo-Ideapad-130-Intel-Core-i3-7020U-4GB-1TB-Windows-10-i.125897475.5642711711,14-01-2021
"LENOVO IdeaPad Flex 5 14IIL05 + OHS i3-1115G4 8GB 512GB SSD 14"" FHD WVA Win10 Home",10.899.000,KOTA SURABAYA,12,https://shopee.co.id/LENOVO-IdeaPad-Flex-5-14IIL05-OHS-i3-1115G4-8GB-512GB-SSD-14-FHD-WVA-Win10-Home-i.252699817.4945501938,14-01-2021
"Lenovo IdeaPad slim 3 14ADA05 OHS (Ryzen 3 3250U Win10 4GB 256GB SSD 14"" FHD AMD)",7.899.000,KOTA SURABAYA,1,https://shopee.co.id/Lenovo-IdeaPad-slim-3-14ADA05-OHS-(Ryzen-3-3250U-Win10-4GB-256GB-SSD-14-FHD-AMD)-i.252699817.6640549119,14-01-2021
