name,price,location,sold,link,date
Laptop Murah LENOVO THINKPAD X260 RAM 8GB SSD 256GB Original Bergaransi,5.100.000,KOTA BANDUNG,22,https://shopee.co.id/Laptop-Murah-LENOVO-THINKPAD-X260-RAM-8GB-SSD-256GB-Original-Bergaransi-i.250685702.3543856127,23-01-2021
Lenovo Legion Y530 - 73ID Core i7-8750H / RAM 8GB / Intel Optane / Windows 10 - Free Mouse Gaming,15.740.000,KOTA SURAKARTA (SOLO),0,https://shopee.co.id/Lenovo-Legion-Y530-73ID-Core-i7-8750H-RAM-8GB-Intel-Optane-Windows-10-Free-Mouse-Gaming-i.6488816.1657401687,23-01-2021
"Laptop Gaming LENOVO LEGION 5-2GID R7-4800H 8GBX2 512GB RTX2060 6GB 15,6"" WIN10+OPI P.BLACk",21.999.000,KOTA TANGERANG SELATAN,2,https://shopee.co.id/Laptop-Gaming-LENOVO-LEGION-5-2GID-R7-4800H-8GBX2-512GB-RTX2060-6GB-15-6-WIN10-OPI-P.BLACk-i.91649692.7668661112,23-01-2021
Lenovo ideapad 3i 14IGL05 N4020 4GB/256GB SSD/W10 OHS Red/Grey,5.499.000,KOTA JAKARTA PUSAT,2,https://shopee.co.id/Lenovo-ideapad-3i-14IGL05-N4020-4GB-256GB-SSD-W10-OHS-Red-Grey-i.24011016.4970800196,23-01-2021
Lenovo Ideapad Slim 5i 14ITL05 i5-1135G7 / 8GB_DDR4 / 512GB / 2Y Premium Care / Graphite Grey,10.859.000,KOTA JAKARTA UTARA,3,https://shopee.co.id/Lenovo-Ideapad-Slim-5i-14ITL05-i5-1135G7-8GB_DDR4-512GB-2Y-Premium-Care-Graphite-Grey-i.51115741.3469263374,23-01-2021
"LENOVO IDEAPAD SLIM 3 - INTEL N4020 - 4GB - 256 GB SSD - 14""- WIN10 - OFFICE HOME STUDENT",5.749.000,KOTA KEDIRI,3,https://shopee.co.id/LENOVO-IDEAPAD-SLIM-3-INTEL-N4020-4GB-256-GB-SSD-14-WIN10-OFFICE-HOME-STUDENT-i.6689776.8302511495,23-01-2021
Lenovo Ideapad 330 AMD A9 9425 RAM4GB HDD1TB VGA R5 Win10 Second,3.699.000,KAB. BANDUNG,1,https://shopee.co.id/Lenovo-Ideapad-330-AMD-A9-9425-RAM4GB-HDD1TB-VGA-R5-Win10-Second-i.89017378.6510752899,23-01-2021
"LENOVO IDEAPAD SLIM 3 + OHS (AMD 3020e Win10  256GB SSD 14"" HD TN )WIN 10",5.975.000,KOTA JAKARTA PUSAT,3,https://shopee.co.id/LENOVO-IDEAPAD-SLIM-3-OHS-(AMD-3020e-Win10-256GB-SSD-14-HD-TN-)WIN-10-i.141973518.6970861155,23-01-2021
Lenovo Ideapad Slim 5i 14 i5 1135G7 8GB 512ssd MX450 2GB W10+OHS 14.0FHD IPS 2Yr ADP -3SID/3TID,11.699.000,KOTA JAKARTA UTARA,3,https://shopee.co.id/Lenovo-Ideapad-Slim-5i-14-i5-1135G7-8GB-512ssd-MX450-2GB-W10-OHS-14.0FHD-IPS-2Yr-ADP-3SID-3TID-i.250649369.6363561806,23-01-2021
"LENOVO IDEAPAD SLIM 5i - i5-1135G7 - 8GB - 512SSD - MX450 2GB - BACKLIT - 14""FHD IPS - W10 - OFFICE",12.199.000,KOTA JAKARTA BARAT,3,https://shopee.co.id/LENOVO-IDEAPAD-SLIM-5i-i5-1135G7-8GB-512SSD-MX450-2GB-BACKLIT-14-FHD-IPS-W10-OFFICE-i.30555036.4970435749,23-01-2021
"Lenovo Ideapad Slim 3 14IIL05 - i5-1035G1 - 8GB - 512SSD - MX330 2GB - 14""FHD IPS - Win10 - Office",10.199.000,KOTA JAKARTA BARAT,70,https://shopee.co.id/Lenovo-Ideapad-Slim-3-14IIL05-i5-1035G1-8GB-512SSD-MX330-2GB-14-FHD-IPS-Win10-Office-i.30555036.1656901573,23-01-2021
LENOVO IDEAPAD FLEX 5 (I5-GEN11/8GB/512SSD/IRIS XE GRAPHIC/W10/OFFICE),12.699.000,KOTA MALANG,1,https://shopee.co.id/LENOVO-IDEAPAD-FLEX-5-(I5-GEN11-8GB-512SSD-IRIS-XE-GRAPHIC-W10-OFFICE)-i.46726200.6073335854,23-01-2021
"LENOVO IDEAPAD SLIM 3 i3-1005G1 8GB 512GB MX330 2GB 14""FHD WIN10+OHS",8.875.000,KOTA JAKARTA UTARA,2,https://shopee.co.id/LENOVO-IDEAPAD-SLIM-3-i3-1005G1-8GB-512GB-MX330-2GB-14-FHD-WIN10-OHS-i.17662741.7467940980,23-01-2021
Lenovo Ideapad Slim 5i i5-1135G7 8GB 512GB Irish Xe Win10+OHS 14 FHD,10.799.000,KOTA JAKARTA PUSAT,1,https://shopee.co.id/Lenovo-Ideapad-Slim-5i-i5-1135G7-8GB-512GB-Irish-Xe-Win10-OHS-14-FHD-i.47045592.6568809721,23-01-2021
"LENOVO IDEAPAD SLIM 5i - i5-1135G7 - 8GB - 512SSD - IRIS XE - BACKLIT - 14""FHD IPS - W10 - OFFICE",10.999.000,KOTA JAKARTA BARAT,13,https://shopee.co.id/LENOVO-IDEAPAD-SLIM-5i-i5-1135G7-8GB-512SSD-IRIS-XE-BACKLIT-14-FHD-IPS-W10-OFFICE-i.30555036.7336568567,23-01-2021
LENOVO IDEAPAD SLIM 3-14IIL-1035G1-I5--8GB-512GB-MX330-WIN10HOME PLATINUM GREY,10.560.000,KOTA DEPOK,1,https://shopee.co.id/LENOVO-IDEAPAD-SLIM-3-14IIL-1035G1-I5-8GB-512GB-MX330-WIN10HOME-PLATINUM-GREY-i.303520595.5767867490,23-01-2021
LENOVO IDEAPAD SLIM 3-14IIL-1035G1-8GB-512GB-MX330-WIN10 ABYSS BLUE + OHS,10.560.000,KOTA JAKARTA PUSAT,2,https://shopee.co.id/LENOVO-IDEAPAD-SLIM-3-14IIL-1035G1-8GB-512GB-MX330-WIN10-ABYSS-BLUE-OHS-i.21228167.6851494386,23-01-2021
Lenovo Ideapad Gaming 3i 56ID i7 10750H 8GB 512SSD GTX1650 4GB IPS 120HZ WINDOWS OFFICE,14.249.000,KOTA PALEMBANG,2,https://shopee.co.id/Lenovo-Ideapad-Gaming-3i-56ID-i7-10750H-8GB-512SSD-GTX1650-4GB-IPS-120HZ-WINDOWS-OFFICE-i.39381924.4240164638,23-01-2021
"LENOVO IdeaPad 5 14IIL05, Ci5-1135G7/8GB/512GB/MX450 2GB/W10+OHS/Garansi 2Y+ADP/14” FHD",12.100.000,KOTA MEDAN,1,https://shopee.co.id/LENOVO-IdeaPad-5-14IIL05-Ci5-1135G7-8GB-512GB-MX450-2GB-W10-OHS-Garansi-2Y-ADP-14”-FHD-i.225705370.3361356412,23-01-2021
Lenovo Ideapad 730s 13iWL i7 8565 16GB 512ssd W10 13.3FHD,12.799.000,KOTA JAKARTA UTARA,3,https://shopee.co.id/Lenovo-Ideapad-730s-13iWL-i7-8565-16GB-512ssd-W10-13.3FHD-i.15641210.6217244649,23-01-2021
Lenovo Ideapad Slim 3i 14IIL PDID / PEID / PFID i5 1035G1 8GB 512ssd MX330 2GB W10+OHS 14.0FHD IPS,9.799.000,KOTA JAKARTA UTARA,2,https://shopee.co.id/Lenovo-Ideapad-Slim-3i-14IIL-PDID-PEID-PFID-i5-1035G1-8GB-512ssd-MX330-2GB-W10-OHS-14.0FHD-IPS-i.225418842.5032223159,23-01-2021
Lenovo Ideapad Slim 5 Ryzen 5-4500U 8GB RAM 512GB SSD FHD IPS,12.299.000,KOTA JAKARTA SELATAN,5,https://shopee.co.id/Lenovo-Ideapad-Slim-5-Ryzen-5-4500U-8GB-RAM-512GB-SSD-FHD-IPS-i.9150764.3659084752,23-01-2021
Lenovo Ideapad Slim 3i 14 i5 1035G1 8GB 512ssd MX330 2GB W10+OHS 14.0FHD IPS PDID | PFID,9.799.000,KOTA JAKARTA UTARA,1,https://shopee.co.id/Lenovo-Ideapad-Slim-3i-14-i5-1035G1-8GB-512ssd-MX330-2GB-W10-OHS-14.0FHD-IPS-PDID-PFID-i.15641210.5265894363,23-01-2021
"Lenovo IdeaPad Slim 3 14ARE05 - RYZEN 3-4300U 8GB 512GB W10 OHS 14""FHD",8.590.000,KOTA JAKARTA PUSAT,6,https://shopee.co.id/Lenovo-IdeaPad-Slim-3-14ARE05-RYZEN-3-4300U-8GB-512GB-W10-OHS-14-FHD-i.56983549.7240315702,23-01-2021
"Lenovo IdeaPad Slim 3 - 14ADA05 | 14"" | Athlon 3050U | Vega 3 2GB | RAM 4GB | Win 10 HOME + OHS 2019",6.349.000,KOTA JAKARTA UTARA,1,https://shopee.co.id/Lenovo-IdeaPad-Slim-3-14ADA05-14-Athlon-3050U-Vega-3-2GB-RAM-4GB-Win-10-HOME-OHS-2019-i.86803663.7161744184,23-01-2021
LENOVO IdeaPad Flex 5 14ITL05 2TID I7 1165G7 RAM 16GB SSD 512GB WIN 10,15.499.000,KOTA MALANG,1,https://shopee.co.id/LENOVO-IdeaPad-Flex-5-14ITL05-2TID-I7-1165G7-RAM-16GB-SSD-512GB-WIN-10-i.10625226.5667819809,23-01-2021
"Lenovo IdeaPad Flex 5 8DID 14IIL05 - i3-1005G1 8GB 512GB WIN10 OHS 14""FHD",10.999.999,KOTA JAKARTA PUSAT,6,https://shopee.co.id/Lenovo-IdeaPad-Flex-5-8DID-14IIL05-i3-1005G1-8GB-512GB-WIN10-OHS-14-FHD-i.56983549.6551281193,23-01-2021
LENOVO IdeaPad SLIM 3 AMD ATHLON SILVER 3050U 4GB SSD256GB WINDOWS OHS,6.700.000,KOTA SURABAYA,4,https://shopee.co.id/LENOVO-IdeaPad-SLIM-3-AMD-ATHLON-SILVER-3050U-4GB-SSD256GB-WINDOWS-OHS-i.1058807.7154992319,23-01-2021
Lenovo Ideapad Slim 5i 14IIL i5-1035G1-8GB-512ssd-MX330 2GB-W10+OHS,12.100.000,KOTA JAKARTA PUSAT,1,https://shopee.co.id/Lenovo-Ideapad-Slim-5i-14IIL-i5-1035G1-8GB-512ssd-MX330-2GB-W10-OHS-i.120447940.6661460754,23-01-2021
"Lenovo IdeaPad Slim 5 - 14ARE05 | 14"" | R5-4500U | Vega 6 2GB | RAM 8GB | Win 10 HOME + OHS 2019",10.899.000,KOTA JAKARTA UTARA,2,https://shopee.co.id/Lenovo-IdeaPad-Slim-5-14ARE05-14-R5-4500U-Vega-6-2GB-RAM-8GB-Win-10-HOME-OHS-2019-i.86803663.5856636676,23-01-2021
"LENOVO IDEAPAD FLEX 5i [i3-1005G1/8GB/512GB/14""FHD/Win10]",9.899.000,KOTA MEDAN,1,https://shopee.co.id/LENOVO-IDEAPAD-FLEX-5i-i3-1005G1-8GB-512GB-14-FHD-Win10--i.13315074.3167747655,23-01-2021
LENOVO IDEAPAD SLIM 3 INTEL i5 1035G1 8GB SSD512GB NVIDIA MX330 2GB WINDOWS10 OFFICE ORIGINAL,9.890.000,KOTA SURABAYA,17,https://shopee.co.id/LENOVO-IDEAPAD-SLIM-3-INTEL-i5-1035G1-8GB-SSD512GB-NVIDIA-MX330-2GB-WINDOWS10-OFFICE-ORIGINAL-i.1058807.5843642843,23-01-2021
"Lenovo IdeaPad Slim 3 - 14ARE05 | 14"" | R5-4500U | Vega 6 2GB | RAM 8GB | Win 10 HOME + OHS 2019",10.199.000,KOTA JAKARTA UTARA,9,https://shopee.co.id/Lenovo-IdeaPad-Slim-3-14ARE05-14-R5-4500U-Vega-6-2GB-RAM-8GB-Win-10-HOME-OHS-2019-i.86803663.6039794933,23-01-2021
Lenovo Ideapad Gaming 3i AUID i7-10750H 16GB SSD 512GB GTX 1650 4GB,15.500.000,KOTA SURABAYA,3,https://shopee.co.id/Lenovo-Ideapad-Gaming-3i-AUID-i7-10750H-16GB-SSD-512GB-GTX-1650-4GB-i.76356794.3442327873,23-01-2021
Lenovo Ideapad Slim 3 14ARE05-21ID AMD Ryzen 3-4300U 8GB 512GB,9.499.000,KOTA SEMARANG,4,https://shopee.co.id/Lenovo-Ideapad-Slim-3-14ARE05-21ID-AMD-Ryzen-3-4300U-8GB-512GB-i.162756018.7841021738,23-01-2021
LENOVO IDEAPAD FLEX 5 14IIL05 8DID i3-1005G1 8GB-512SSD-WIN10 + OHS,10.105.000,KOTA JAKARTA PUSAT,1,https://shopee.co.id/LENOVO-IDEAPAD-FLEX-5-14IIL05-8DID-i3-1005G1-8GB-512SSD-WIN10-OHS-i.120453187.3247637937,23-01-2021
"Lenovo IdeaPad Flex 3 + OHS (Celeron N4020 Win10 4GB 256GB SSD 11.6"" HD IPS Touch Intel 0NID 2DID)",6.399.000,KOTA SURABAYA,1,https://shopee.co.id/Lenovo-IdeaPad-Flex-3-OHS-(Celeron-N4020-Win10-4GB-256GB-SSD-11.6-HD-IPS-Touch-Intel-0NID-2DID)-i.252699817.6037392149,23-01-2021
Lenovo Ideapad IP330s-14IKB [81F4016KID] i5-8250u 8GB 1TB 16GB Optane Radeon 540 2GB,10.999.000,KAB. CIAMIS,1,https://shopee.co.id/Lenovo-Ideapad-IP330s-14IKB-81F4016KID-i5-8250u-8GB-1TB-16GB-Optane-Radeon-540-2GB-i.13257503.6431925036,23-01-2021
"Lenovo Ideapad Slim 3i 14IIL05 - I5-1035G1 8GB 512GB MX330 14"" W10+OHS",10.550.000,KOTA JAKARTA PUSAT,1,https://shopee.co.id/Lenovo-Ideapad-Slim-3i-14IIL05-I5-1035G1-8GB-512GB-MX330-14-W10-OHS-i.19926566.5056385694,23-01-2021
LENOVO IDEAPAD SLIM 3-14IIL + Office Home Student,10.560.000,KOTA JAKARTA PUSAT,1,https://shopee.co.id/LENOVO-IDEAPAD-SLIM-3-14IIL-Office-Home-Student-i.21228167.7350919230,23-01-2021
"LAPTOP LENOVO IDEAPAD SLIM 3 - i5-1035G1 - 8GB - 512GB SSD - MX330 2GB - 14""IPS FHD - WIN10 - OFFICE",10.199.000,KOTA JAKARTA BARAT,26,https://shopee.co.id/LAPTOP-LENOVO-IDEAPAD-SLIM-3-i5-1035G1-8GB-512GB-SSD-MX330-2GB-14-IPS-FHD-WIN10-OFFICE-i.174585297.4214965485,23-01-2021
Lenovo Ideapad SLIM 5i Core i7 1165G7 16GB 512ssd MX450 FREE Office ORIGINAL,14.399.000,KOTA BEKASI,1,https://shopee.co.id/Lenovo-Ideapad-SLIM-5i-Core-i7-1165G7-16GB-512ssd-MX450-FREE-Office-ORIGINAL-i.319647164.7870616206,23-01-2021
"Laptop Lenovo Ideapad Slim 3 14IGL05 Intel N4020|4GB|256GB|14""|W10 OHS",6.145.000,KOTA MAKASSAR,3,https://shopee.co.id/Laptop-Lenovo-Ideapad-Slim-3-14IGL05-Intel-N4020-4GB-256GB-14-W10-OHS-i.125813652.5963828119,23-01-2021
"Laptop Lenovo Ideapad 3 15ADA05 Ryzen 5 3500U RAM 8GB 512GB SSD Radeon 15.6"" FHD Windows 10",9.340.000,KOTA TANGERANG,1,https://shopee.co.id/Laptop-Lenovo-Ideapad-3-15ADA05-Ryzen-5-3500U-RAM-8GB-512GB-SSD-Radeon-15.6-FHD-Windows-10-i.290474546.8808185627,23-01-2021
Laptop Lenovo ideapad 330 AMD A9-9425,5.825.000,KOTA JAKARTA BARAT,2,https://shopee.co.id/Laptop-Lenovo-ideapad-330-AMD-A9-9425-i.327043379.8302472011,23-01-2021
Promo Lenovo Ideapad 330-15IKB with Intel i5 VGA Nvidia MX 110 2GB murah,7.218.000,KOTA SURAKARTA (SOLO),2,https://shopee.co.id/Promo-Lenovo-Ideapad-330-15IKB-with-Intel-i5-VGA-Nvidia-MX-110-2GB-murah-i.6684093.2055776287,23-01-2021
Lenovo Ideapad S145-14AST / AMD A9-9425 Ram 4gb HDD 1tb,4.700.000,KOTA BOGOR,1,https://shopee.co.id/Lenovo-Ideapad-S145-14AST-AMD-A9-9425-Ram-4gb-HDD-1tb-i.163364264.7174983753,23-01-2021
Laptop LENOVO Ideapad Slim 5 Touch | i7 1065G7 12GB 512ssd W10 15.6FHD |,10.499.000,KOTA JAKARTA UTARA,3,https://shopee.co.id/Laptop-LENOVO-Ideapad-Slim-5-Touch-i7-1065G7-12GB-512ssd-W10-15.6FHD--i.217781231.3565958670,23-01-2021
[MURAH] Lenovo Ideapad S145 - AMD Athlon 300,5.000.000,KOTA JAKARTA TIMUR,2,https://shopee.co.id/-MURAH-Lenovo-Ideapad-S145-AMD-Athlon-300-i.64224716.4461944311,23-01-2021
"LAPTOP LENOVO Ideapad 130-14AST AMD A4-9125-4GB-500GB-14"" Wind10.",5.729.500,KOTA JAKARTA BARAT,3,https://shopee.co.id/LAPTOP-LENOVO-Ideapad-130-14AST-AMD-A4-9125-4GB-500GB-14-Wind10.-i.155091739.2588464485,23-01-2021
"LAPTOP LENOVO IDEAPAD SLIM 3 - RYZEN 3-3250U - 4GB - 256GB SSD - 14""FHD - WIN10 - OFFICE",7.599.000,KOTA JAKARTA BARAT,17,https://shopee.co.id/LAPTOP-LENOVO-IDEAPAD-SLIM-3-RYZEN-3-3250U-4GB-256GB-SSD-14-FHD-WIN10-OFFICE-i.174585297.4631752631,23-01-2021
Laptop LENOVO Ideapad Slim 3i | i5 1035G1 4GB 1TB W10+OHS 14.0FHD IPS |-XUID,8.799.000,KOTA JAKARTA UTARA,3,https://shopee.co.id/Laptop-LENOVO-Ideapad-Slim-3i-i5-1035G1-4GB-1TB-W10-OHS-14.0FHD-IPS-XUID-i.217781231.4141638582,23-01-2021
Lenovo Ideapad 330|Intel N4000|4GB|500GB|Win 10,3.500.000,KAB. KARAWANG,1,https://shopee.co.id/Lenovo-Ideapad-330-Intel-N4000-4GB-500GB-Win-10-i.27958180.2633765449,23-01-2021
Lenovo ideapad i7/8GB/250SSD/Win10 Second,5.499.000,KAB. BANDUNG,2,https://shopee.co.id/Lenovo-ideapad-i7-8GB-250SSD-Win10-Second-i.120696526.3213497076,23-01-2021
PROMO LAPTOP Lenovo Ideapad V110-15AST AMD A4 RAM 4GB HARDISK 500GB BONUS TAS & FREE INSTALL,3.229.000,KOTA SURABAYA,1,https://shopee.co.id/PROMO-LAPTOP-Lenovo-Ideapad-V110-15AST-AMD-A4-RAM-4GB-HARDISK-500GB-BONUS-TAS-FREE-INSTALL-i.7217222.1959356997,23-01-2021
Lenovo ideapad 330 14AST Like New Laptop Second Bekas Murah Fullset Lengkap Garansi Resmi,3.300.000,KAB. INDRAMAYU,1,https://shopee.co.id/Lenovo-ideapad-330-14AST-Like-New-Laptop-Second-Bekas-Murah-Fullset-Lengkap-Garansi-Resmi-i.49656833.7062244892,23-01-2021
LAPTOP LENOVO IDEAPAD 330 I3-7020U 4GB DVDRW RADEON GRAPHICS,5.499.000,KOTA JAKARTA BARAT,2,https://shopee.co.id/LAPTOP-LENOVO-IDEAPAD-330-I3-7020U-4GB-DVDRW-RADEON-GRAPHICS-i.161292590.5312328308,23-01-2021
LENOVO IDEAPAD IP3 14ADA05 RYZEN 3 4GB / 256GB SSD / OFFICE HOME & STUDENT / WINDOWS 10 ORI,7.099.000,KOTA METRO,1,https://shopee.co.id/LENOVO-IDEAPAD-IP3-14ADA05-RYZEN-3-4GB-256GB-SSD-OFFICE-HOME-STUDENT-WINDOWS-10-ORI-i.284592800.6942560299,23-01-2021
Lenovo IDEAPAD 330,6.089.000,KOTA PRABUMULIH,2,https://shopee.co.id/Lenovo-IDEAPAD-330-i.3731977.2611864216,23-01-2021
"LAPTOP LENOVO IDEAPAD SLIM 5i - i5-1135G7 - 8GB - 512GB SSD - IRIS XE - 14""FHD IPS - W10 - OFFICE",11.399.000,KOTA JAKARTA BARAT,23,https://shopee.co.id/LAPTOP-LENOVO-IDEAPAD-SLIM-5i-i5-1135G7-8GB-512GB-SSD-IRIS-XE-14-FHD-IPS-W10-OFFICE-i.174585297.6703170859,23-01-2021
LENOVO IDEAPAD SLIM 3 i5 - 1035Gi 8GB 512GB SSD MX330 IPS FREE OHS2019 Win10 64bit,9.949.000,KOTA JAKARTA PUSAT,2,https://shopee.co.id/LENOVO-IDEAPAD-SLIM-3-i5-1035Gi-8GB-512GB-SSD-MX330-IPS-FREE-OHS2019-Win10-64bit-i.141973518.5748829090,23-01-2021
(FREE ONGKIR + P. KAYU) LENOVO IdeaPad 310s Type Baru (Intel Celeron N3350) RAM 2GB HDD 500GB | 180°,2.500.000,KOTA PALEMBANG,1,https://shopee.co.id/(FREE-ONGKIR-P.-KAYU)-LENOVO-IdeaPad-310s-Type-Baru-(Intel-Celeron-N3350)-RAM-2GB-HDD-500GB-180°-i.20991683.1526954765,23-01-2021
Lenovo IdeaPad 110 14AST AMD A9 DDR4 4GB 1TB,2.699.000,KAB. PACITAN,1,https://shopee.co.id/Lenovo-IdeaPad-110-14AST-AMD-A9-DDR4-4GB-1TB-i.106946860.4918108629,23-01-2021
Notebook Lenovo Ideapad 310S Intel Dual Core N3350/RAM 2GB/HDD 500GB/Windows 10,3.850.000,KOTA JAKARTA BARAT,1,https://shopee.co.id/Notebook-Lenovo-Ideapad-310S-Intel-Dual-Core-N3350-RAM-2GB-HDD-500GB-Windows-10-i.125897475.1903561485,23-01-2021
PROMO Lenovo Ideapad V130-15IGM RAM 4GB BONUS TAS & INSTALL,4.531.600,KOTA SURABAYA,1,https://shopee.co.id/PROMO-Lenovo-Ideapad-V130-15IGM-RAM-4GB-BONUS-TAS-INSTALL-i.7217222.2033562987,23-01-2021
"LAPTOP LENOVO IDEAPAD SLIM 3 - i3-1005G1 4GB 256GB SSD 14"" FHD W10",7.899.000,KOTA JAKARTA PUSAT,14,https://shopee.co.id/LAPTOP-LENOVO-IDEAPAD-SLIM-3-i3-1005G1-4GB-256GB-SSD-14-FHD-W10-i.27662413.2668742658,23-01-2021
Laptop Lenovo Ideapad 330-14ast Amd A4-9125 ram 4gb HDD 500gb,3.750.000,KOTA BOGOR,1,https://shopee.co.id/Laptop-Lenovo-Ideapad-330-14ast-Amd-A4-9125-ram-4gb-HDD-500gb-i.163364264.7369290075,23-01-2021
Lenovo IdeaPad S145-14AST or V145-14AST - Laptop,5.200.000,KOTA PONTIANAK,1,https://shopee.co.id/Lenovo-IdeaPad-S145-14AST-or-V145-14AST-Laptop-i.5123945.5044014160,23-01-2021
Notebook Lenovo Ideapad Slim 3-DRID/DQID,5.500.000,KAB. KUDUS,1,https://shopee.co.id/Notebook-Lenovo-Ideapad-Slim-3-DRID-DQID-i.284719919.3554436552,23-01-2021
Lenovo Ideapad 120s-3TID hardisk 500GB WINDOWS 10 ORI (GARANSI RESMI),3.579.000,KOTA SURABAYA,1,https://shopee.co.id/Lenovo-Ideapad-120s-3TID-hardisk-500GB-WINDOWS-10-ORI-(GARANSI-RESMI)-i.7217222.1273697436,23-01-2021
Laptop Lenovo Ideapad 330 AMD Radeon E2-9000 | Radeon R2 | RAM 4GB | HDD 500GB | Win10,4.250.000,KOTA JAKARTA BARAT,1,https://shopee.co.id/Laptop-Lenovo-Ideapad-330-AMD-Radeon-E2-9000-Radeon-R2-RAM-4GB-HDD-500GB-Win10-i.125897475.2886588184,23-01-2021
Lenovo ideapad 320  core i5 7200U RAM DDR4 8 HDD 1 TB Nvidia 920mx,6.000.000,KOTA BOGOR,1,https://shopee.co.id/Lenovo-ideapad-320-core-i5-7200U-RAM-DDR4-8-HDD-1-TB-Nvidia-920mx-i.173307172.9100126652,23-01-2021
LAPTOP LENOVO GARANSI RESMI IDEAPAD 3 14ADA05 GEID WINDOWS 10 RAM 4 GB SSD 256 GB WARNA MERAH KEREN,7.412.059,KOTA SURABAYA,1,https://shopee.co.id/LAPTOP-LENOVO-GARANSI-RESMI-IDEAPAD-3-14ADA05-GEID-WINDOWS-10-RAM-4-GB-SSD-256-GB-WARNA-MERAH-KEREN-i.5149713.3612180342,23-01-2021
Lenovo ideapad 110  n3160 Braswell ram2gb Hdd500Gb MulusFlashDeal11,2.500.000,KOTA MALANG,1,https://shopee.co.id/Lenovo-ideapad-110-n3160-Braswell-ram2gb-Hdd500Gb-MulusFlashDeal11-i.44435356.7503134795,23-01-2021
Laptop Gaming Lenovo Ideapad Ryzen 7 4800H 16GB Nvidia GTX1650Ti SSD 256GB + 1TB HDD BNOB,14.999.000,KOTA BANDUNG,1,https://shopee.co.id/Laptop-Gaming-Lenovo-Ideapad-Ryzen-7-4800H-16GB-Nvidia-GTX1650Ti-SSD-256GB-1TB-HDD-BNOB-i.100409425.6936814915,23-01-2021
Laptop Lenovo ideapad 330 core i3 graphics Radeon,5.250.000,KAB. BANYUMAS,1,https://shopee.co.id/Laptop-Lenovo-ideapad-330-core-i3-graphics-Radeon-i.29339910.7823537021,23-01-2021
Laptop Lenovo Ideapad Slim 3 14ADA Athlon 3050 4GB 512ssd W10+OHS 14.0 - SILVER,6.890.000,KOTA BENGKULU,1,https://shopee.co.id/Laptop-Lenovo-Ideapad-Slim-3-14ADA-Athlon-3050-4GB-512ssd-W10-OHS-14.0-SILVER-i.300084802.6260584493,23-01-2021
Laptop Lenovo Ideapad 3 14ADA05 AMD Ryzen 5 3500U RAM 8GB 256GB SSD FHD Windows 10,8.530.000,KOTA TANGERANG,1,https://shopee.co.id/Laptop-Lenovo-Ideapad-3-14ADA05-AMD-Ryzen-5-3500U-RAM-8GB-256GB-SSD-FHD-Windows-10-i.290474546.6846213476,23-01-2021
LAPTOP LENOVO IDEAPAD 330 INTEL CORE i3-6006 RAM 4GB HDD 1TB WINDOWS 10,5.350.000,KOTA JAKARTA BARAT,1,https://shopee.co.id/LAPTOP-LENOVO-IDEAPAD-330-INTEL-CORE-i3-6006-RAM-4GB-HDD-1TB-WINDOWS-10-i.127463640.7115240582,23-01-2021
Laptop Lenovo Ideapad 130 AMD A4-9125.Ram 4GB.Hdd 500GB Garansi panjang,4.000.000,KOTA BOGOR,2,https://shopee.co.id/Laptop-Lenovo-Ideapad-130-AMD-A4-9125.Ram-4GB.Hdd-500GB-Garansi-panjang-i.206148480.5344912675,23-01-2021
"Lenovo IdeaPad L340 Gaming 1VID + OHS (i7 9750HF Win10 16GB 512 SSD 15.6"" FHD WVA NVIDIA GTX1650 4G)",14.649.000,KOTA SURABAYA,1,https://shopee.co.id/Lenovo-IdeaPad-L340-Gaming-1VID-OHS-(i7-9750HF-Win10-16GB-512-SSD-15.6-FHD-WVA-NVIDIA-GTX1650-4G)-i.252699817.7945501628,23-01-2021
