name,price,location,sold,link,date
"Laptop Gaming LENOVO LEGION 5-2GID R7-4800H 8GBX2 512GB RTX2060 6GB 15,6"" WIN10+OPI P.BLACk",21.999.000,KOTA TANGERANG SELATAN,2,https://shopee.co.id/Laptop-Gaming-LENOVO-LEGION-5-2GID-R7-4800H-8GBX2-512GB-RTX2060-6GB-15-6-WIN10-OPI-P.BLACk-i.91649692.7668661112,22-01-2021
Laptop HP Pavilion Gaming 15-dk1141TX(2Y8Q9PA)/i7-10750H/8GB/512GBSSD+32GB OPTANE/GTX1660Ti-6GB/OHS,18.878.000,KOTA SURABAYA,0,https://shopee.co.id/Laptop-HP-Pavilion-Gaming-15-dk1141TX(2Y8Q9PA)-i7-10750H-8GB-512GBSSD-32GB-OPTANE-GTX1660Ti-6GB-OHS-i.186184847.7965939861,22-01-2021
Laptop Lenovo Second Berkualitas i5 / Bergaransi / Termurah Sikat Bosku,2.400.000,KOTA JAKARTA PUSAT,548,https://shopee.co.id/Laptop-Lenovo-Second-Berkualitas-i5-Bergaransi-Termurah-Sikat-Bosku-i.30169103.1949980283,22-01-2021
"MSI Modern 14-B11SB-218ID (Bluestone) - Ci7-1165G7/512G SSD/16GB/MX450-2GB/W10H/14""/2YR",15.999.000,KOTA JAKARTA BARAT,0,https://shopee.co.id/MSI-Modern-14-B11SB-218ID-(Bluestone)-Ci7-1165G7-512G-SSD-16GB-MX450-2GB-W10H-14-2YR-i.41303795.8606063507,22-01-2021
Laptop OMEN HP Gaming 15-en0045AX(2U3S1PA)/Ryzen5-4600H/2x8GB/512GB SSD/GTX1660Ti-6GB/Win10/OHS+ADP,17.677.000,KOTA SURABAYA,0,https://shopee.co.id/Laptop-OMEN-HP-Gaming-15-en0045AX(2U3S1PA)-Ryzen5-4600H-2x8GB-512GB-SSD-GTX1660Ti-6GB-Win10-OHS-ADP-i.186184847.3666042017,22-01-2021
LENOVO LEGION 5 MLID A5ID RYZEN 5 4600H 16GB 512GB GTX 1650TI 120HZ NOT 2WID 40ID,16.598.000,KAB. TANGERANG,8,https://shopee.co.id/LENOVO-LEGION-5-MLID-A5ID-RYZEN-5-4600H-16GB-512GB-GTX-1650TI-120HZ-NOT-2WID-40ID-i.10257552.5544194213,22-01-2021
Laptop LENOVO Legion 5i 15IMH | i7 10750 16GB 512ssd GTX1650Ti 4GB W10 15.6FHD RGB |,15.449.000,KOTA JAKARTA UTARA,10,https://shopee.co.id/Laptop-LENOVO-Legion-5i-15IMH-i7-10750-16GB-512ssd-GTX1650Ti-4GB-W10-15.6FHD-RGB--i.217781231.3642529472,22-01-2021
Laptop LENOVO Legion 7i | i7 10750 16GB 1TBssd RTX2070 8GB W10 15.6FHD |,26.299.000,KOTA JAKARTA UTARA,4,https://shopee.co.id/Laptop-LENOVO-Legion-7i-i7-10750-16GB-1TBssd-RTX2070-8GB-W10-15.6FHD--i.217781231.5250380324,22-01-2021
Laptop Gaming Lenovo Legion 5i 15IMH i7 10750 16GB 512ssd GTX1650Ti 4GB W10 15.6FHD RGB 120 Hz,15.899.000,KOTA JAKARTA UTARA,2,https://shopee.co.id/Laptop-Gaming-Lenovo-Legion-5i-15IMH-i7-10750-16GB-512ssd-GTX1650Ti-4GB-W10-15.6FHD-RGB-120-Hz-i.225418842.3760377203,22-01-2021
LENOVO LEGION 5 Ryzen 7 - 4800H,19.099.000,KOTA MOJOKERTO,1,https://shopee.co.id/LENOVO-LEGION-5-Ryzen-7-4800H-i.268490859.3260029586,22-01-2021
Lenovo Legion Y545 15iRH i7 9750 16GB 1TB+512ssd GTX1660Ti 6GB W10 15.6FHD,15.699.000,KOTA JAKARTA UTARA,4,https://shopee.co.id/Lenovo-Legion-Y545-15iRH-i7-9750-16GB-1TB-512ssd-GTX1660Ti-6GB-W10-15.6FHD-i.15641210.4418556161,22-01-2021
LENOVO LEGION 5 RYZEN 7-4800H 16GB 512GB GTX1650Ti 4GB 144Hz Win10+OHS 4 zone RGB,18.399.000,KOTA JAKARTA BARAT,2,https://shopee.co.id/LENOVO-LEGION-5-RYZEN-7-4800H-16GB-512GB-GTX1650Ti-4GB-144Hz-Win10-OHS-4-zone-RGB-i.30121154.7139192641,22-01-2021
LAPTOP GAMING Lenovo legion 5i 15iMH i7 10750 16GB 512ssd GTX1660Ti 6GB W10 15.6FHD,17.799.000,KOTA JAKARTA SELATAN,1,https://shopee.co.id/LAPTOP-GAMING-Lenovo-legion-5i-15iMH-i7-10750-16GB-512ssd-GTX1660Ti-6GB-W10-15.6FHD-i.241683399.4562470193,22-01-2021
[81] Lenovo Legion Y520 - i7 7700HQ 16GB 256GB+2TB GTX1050Ti-4GB WIn10 Laptop & Aksesoris,17.550.000,KOTA BEKASI,1,https://shopee.co.id/-81-Lenovo-Legion-Y520-i7-7700HQ-16GB-256GB-2TB-GTX1050Ti-4GB-WIn10-Laptop-Aksesoris-i.136554104.2094769220,22-01-2021
Laptop Gaming Lenovo legion 5 15ARH Ryzen 5 4600 16GB 1TB+256ssd GTX1650Ti 4GB W10 15.6FHD BLACK,13.959.000,KOTA JAKARTA UTARA,2,https://shopee.co.id/Laptop-Gaming-Lenovo-legion-5-15ARH-Ryzen-5-4600-16GB-1TB-256ssd-GTX1650Ti-4GB-W10-15.6FHD-BLACK-i.225418842.4557101020,22-01-2021
"Laptop Gaming LENOVO LEGION 5i-4RID (i7 10750H 16GB 512GB SSD 15.6"" FHD 144Hz GTX 1660 Ti Win10 OHS)",21.999.000,KOTA TANGERANG SELATAN,3,https://shopee.co.id/Laptop-Gaming-LENOVO-LEGION-5i-4RID-(i7-10750H-16GB-512GB-SSD-15.6-FHD-144Hz-GTX-1660-Ti-Win10-OHS)-i.91649692.4055667544,22-01-2021
Laptop LENOVO Legion 5 | Ryzen 5 4600 16GB 512ssd RTX2060 6GB W10 15.6FHD 144Hz 100% sRGB |,18.199.000,KOTA JAKARTA UTARA,4,https://shopee.co.id/Laptop-LENOVO-Legion-5-Ryzen-5-4600-16GB-512ssd-RTX2060-6GB-W10-15.6FHD-144Hz-100-sRGB--i.217781231.3638941606,22-01-2021
Lenovo Legion 5 15 Ryzen 5 4600 - GTX 1650Ti - 1TB + 256GB SSD - 120HZ,13.799.000,KOTA JAKARTA PUSAT,3,https://shopee.co.id/Lenovo-Legion-5-15-Ryzen-5-4600-GTX-1650Ti-1TB-256GB-SSD-120HZ-i.364038165.9305788765,22-01-2021
Lenovo Legion 5 A5ID - 144hz AMD Ryzen 5 4600H 16GB 512SSD RTX2060 6GB W10+OHS 15.6FHD,18.199.000,KOTA JAKARTA UTARA,7,https://shopee.co.id/Lenovo-Legion-5-A5ID-144hz-AMD-Ryzen-5-4600H-16GB-512SSD-RTX2060-6GB-W10-OHS-15.6FHD-i.78730497.8902104458,22-01-2021
"Laptop Gaming LENOVO LEGION 5-2GID R7-4800H 8GBX2 512GB RTX2060 6GB 15,6"" WIN10+OPI P.BLACk",21.999.000,KOTA TANGERANG SELATAN,2,https://shopee.co.id/Laptop-Gaming-LENOVO-LEGION-5-2GID-R7-4800H-8GBX2-512GB-RTX2060-6GB-15-6-WIN10-OPI-P.BLACk-i.91649692.7668661112,22-01-2021
MSI GL65 LEOPARD 10SEK - 423ID | i7-10750H | RTX2060 6GB | 512GB NVME,21.499.000,KOTA JAKARTA BARAT,0,https://shopee.co.id/MSI-GL65-LEOPARD-10SEK-423ID-i7-10750H-RTX2060-6GB-512GB-NVME-i.41303795.7942118098,22-01-2021
Lenovo Legion Y530 - 73ID Core i7-8750H / RAM 8GB / Intel Optane / Windows 10 - Free Mouse Gaming,15.740.000,KOTA SURAKARTA (SOLO),0,https://shopee.co.id/Lenovo-Legion-Y530-73ID-Core-i7-8750H-RAM-8GB-Intel-Optane-Windows-10-Free-Mouse-Gaming-i.6488816.1657401687,22-01-2021
Laptop HP 14s-cf3020TX-/i5-1035G1/4GB/1TB HDD(Silver) Free OHS 2019,8.999.000,KOTA SURABAYA,0,https://shopee.co.id/Laptop-HP-14s-cf3020TX-i5-1035G1-4GB-1TB-HDD(Silver)-Free-OHS-2019-i.186184847.4672011626,22-01-2021
"Lenovo Legion 7i 6CID i7-10875H / 16GB / SSD 1TB / VGA RTX 2060 6GB / 15.6"" Laptop Gaming",29.750.000,KOTA SURAKARTA (SOLO),0,https://shopee.co.id/Lenovo-Legion-7i-6CID-i7-10875H-16GB-SSD-1TB-VGA-RTX-2060-6GB-15.6-Laptop-Gaming-i.6488816.7956018563,22-01-2021
Laptop HP 14s-cf3021TX-/i5-1035G1/4GB/1TB HDD(Gold) - Free OHS 2019,8.999.000,KOTA SURABAYA,0,https://shopee.co.id/Laptop-HP-14s-cf3021TX-i5-1035G1-4GB-1TB-HDD(Gold)-Free-OHS-2019-i.186184847.7672008997,22-01-2021
Laptop bekas Toshiba Dynabook Satellite B551 CORE I5,2.299.000,KOTA JAKARTA BARAT,6,https://shopee.co.id/Laptop-bekas-Toshiba-Dynabook-Satellite-B551-CORE-I5-i.45901998.1487081446,22-01-2021
HP Pavilion 15-dk1064TX [1G7S2PA],15.899.000,KOTA JAKARTA UTARA,0,https://shopee.co.id/HP-Pavilion-15-dk1064TX-1G7S2PA--i.157002128.8609464909,22-01-2021
HP Gaming Pavilion 15-dk1064TX i5-103000H 8GB 512GB SSD RTX2060 Win 10+OHS,15.599.000,KOTA JAKARTA BARAT,3,https://shopee.co.id/HP-Gaming-Pavilion-15-dk1064TX-i5-103000H-8GB-512GB-SSD-RTX2060-Win-10-OHS-i.30121154.2754102130,22-01-2021
Laptop Second i5 Lenovo Thinkpad T410,2.350.000,KOTA JAKARTA BARAT,23,https://shopee.co.id/Laptop-Second-i5-Lenovo-Thinkpad-T410-i.18727563.6610715241,22-01-2021
Acer Nitro 5 Laptop Gaming i7-10870H / 8GB / SSD 512 / VGA GTX 1650Ti 4GB / AN515-55-77MG,15.535.000,KOTA SURAKARTA (SOLO),0,https://shopee.co.id/Acer-Nitro-5-Laptop-Gaming-i7-10870H-8GB-SSD-512-VGA-GTX-1650Ti-4GB-AN515-55-77MG-i.6488816.7169470194,22-01-2021
Lenovo Legion 5 A7ID - 144Hz AMD Ryzen 7 4800 16GB 512ssd RTX2060 6GB W10+OHS 15.6FHD,21.099.000,KOTA JAKARTA UTARA,3,https://shopee.co.id/Lenovo-Legion-5-A7ID-144Hz-AMD-Ryzen-7-4800-16GB-512ssd-RTX2060-6GB-W10-OHS-15.6FHD-i.78730497.4269751439,22-01-2021
Lenovo Legion 5i i7 10750 16GB 512ssd RTX2060 6GB W10+OHS 15.6FHD 144Hz 100% sRGB MUID,22.399.000,KOTA JAKARTA UTARA,1,https://shopee.co.id/Lenovo-Legion-5i-i7-10750-16GB-512ssd-RTX2060-6GB-W10-OHS-15.6FHD-144Hz-100-sRGB-MUID-i.15641210.9303214651,22-01-2021
Lenovo Legion 5i 15 CGUS CORE i7 10750/RAM 8GB/512GB SSD/GTX1650Ti-4GB/15.6/FHD 120HZ/WIN10,15.549.000,KOTA JAKARTA TIMUR,1,https://shopee.co.id/Lenovo-Legion-5i-15-CGUS-CORE-i7-10750-RAM-8GB-512GB-SSD-GTX1650Ti-4GB-15.6-FHD-120HZ-WIN10-i.238865572.7466464595,22-01-2021
Lenovo Legion 5 Ryzen 7 4800H RTX2060 6GB 512GB SSD 16GB WIN10 + OHS Original,22.099.000,KOTA JAKARTA BARAT,1,https://shopee.co.id/Lenovo-Legion-5-Ryzen-7-4800H-RTX2060-6GB-512GB-SSD-16GB-WIN10-OHS-Original-i.30121154.7771362258,22-01-2021
Lenovo Legion 5i 15IMH i7 10750 16GB 512ssd GTX1660Ti 6GB W10 15.6FHD RGB 120HZ,17.299.000,KOTA JAKARTA UTARA,11,https://shopee.co.id/Lenovo-Legion-5i-15IMH-i7-10750-16GB-512ssd-GTX1660Ti-6GB-W10-15.6FHD-RGB-120HZ-i.15641210.3745432698,22-01-2021
Lenovo Legion 5-2XID - AMD Ryzen 7-4800H 16GB 512ssd GTX1650Ti 4GB W10+OHS 15.6FHD 144Hz FREE OFFICE,17.699.000,KOTA JAKARTA UTARA,24,https://shopee.co.id/Lenovo-Legion-5-2XID-AMD-Ryzen-7-4800H-16GB-512ssd-GTX1650Ti-4GB-W10-OHS-15.6FHD-144Hz-FREE-OFFICE-i.78730497.3338614370,22-01-2021
"Lenovo Legion 5 AMD 2XID Ryzen 7 4800H 16GB GTX1650Ti 4G NVIDIA 512 SSD 15"" FHD WVA 144Hz Win10 OHS",18.499.000,KOTA JAKARTA PUSAT,12,https://shopee.co.id/Lenovo-Legion-5-AMD-2XID-Ryzen-7-4800H-16GB-GTX1650Ti-4G-NVIDIA-512-SSD-15-FHD-WVA-144Hz-Win10-OHS-i.26026296.5738324840,22-01-2021
Lenovo Legion 5 2XID Ryzen 7 4800H 16GB SSD 512GB GTX1650Ti 4GB Win10,17.995.000,KOTA PALEMBANG,3,https://shopee.co.id/Lenovo-Legion-5-2XID-Ryzen-7-4800H-16GB-SSD-512GB-GTX1650Ti-4GB-Win10-i.148017040.7040361890,22-01-2021
Lenovo Legion 5-MLID - AMD Ryzen 5 4600H 16GB 512SSD GTX1650Ti 4GB W10+OHS 15.6FHD,16.499.000,KOTA JAKARTA UTARA,9,https://shopee.co.id/Lenovo-Legion-5-MLID-AMD-Ryzen-5-4600H-16GB-512SSD-GTX1650Ti-4GB-W10-OHS-15.6FHD-i.78730497.7254883179,22-01-2021
LEGION 5i GTX 1660Ti - 120HZ REFRESH RATE  - 16GB RAM - RGB KEYBOARD - i7 10750H,17.799.000,KOTA JAKARTA PUSAT,14,https://shopee.co.id/LEGION-5i-GTX-1660Ti-120HZ-REFRESH-RATE-16GB-RAM-RGB-KEYBOARD-i7-10750H-i.259973835.7444961547,22-01-2021
LEGION Y545 GTX 1660Ti - 16GB RAM - i7 - 9750H - 1TB HDD + 512GB SSD,16.799.000,KOTA JAKARTA PUSAT,2,https://shopee.co.id/LEGION-Y545-GTX-1660Ti-16GB-RAM-i7-9750H-1TB-HDD-512GB-SSD-i.259973835.6234515416,22-01-2021
"Lenovo LEGION 5 -2GID -15"" IPS 100% SRGB-Ryzen 7-4800 - 16GB - SSD 512GB - RTX 2060 6GB - Win10 -OHS",21.999.000,KOTA BALIKPAPAN,3,https://shopee.co.id/Lenovo-LEGION-5-2GID-15-IPS-100-SRGB-Ryzen-7-4800-16GB-SSD-512GB-RTX-2060-6GB-Win10-OHS-i.27051321.7239445484,22-01-2021
LEGION 5i GTX 1660Ti - 100% SRGB -144HZ - i7 10750H - 512GB SSD,20.899.000,KOTA JAKARTA PUSAT,4,https://shopee.co.id/LEGION-5i-GTX-1660Ti-100-SRGB-144HZ-i7-10750H-512GB-SSD-i.259973835.3441030431,22-01-2021
Lenovo Legion 5i 4RID i7 10750H 16GB 512ssd GTX 1660Ti 6GB W10+OHS 15.6FHD 144hz White KB,20.699.000,KOTA JAKARTA UTARA,2,https://shopee.co.id/Lenovo-Legion-5i-4RID-i7-10750H-16GB-512ssd-GTX-1660Ti-6GB-W10-OHS-15.6FHD-144hz-White-KB-i.15641210.6838846991,22-01-2021
"Lenovo Legion 5 15ARH - 2XID | 15,6"" | R7-4800H | GTX 1650Ti 4GB | RAM 16GB | Win 10 HOME + OHS 2019",19.099.000,KOTA JAKARTA UTARA,2,https://shopee.co.id/Lenovo-Legion-5-15ARH-2XID-15-6-R7-4800H-GTX-1650Ti-4GB-RAM-16GB-Win-10-HOME-OHS-2019-i.86803663.3339161016,22-01-2021
"Dell G7 Gaming Core i7-8750H / Linux / 8GB / 1TB / VGA GTX1050Ti 4GB / 15.6""",15.230.000,KOTA SURAKARTA (SOLO),1,https://shopee.co.id/Dell-G7-Gaming-Core-i7-8750H-Linux-8GB-1TB-VGA-GTX1050Ti-4GB-15.6--i.6488816.1064097802,22-01-2021
HP Pavilion Gaming 15-ec1076AX [22G93PA],17.399.000,KOTA JAKARTA UTARA,0,https://shopee.co.id/HP-Pavilion-Gaming-15-ec1076AX-22G93PA--i.157002128.4275719351,22-01-2021
Acer Nitro 5 Core i5-10300H / 8GB / SSD 512  / VGA GTX 1650Ti 4GB / FHD IPS 144Hz AN515-55,12.895.000,KOTA SURAKARTA (SOLO),0,https://shopee.co.id/Acer-Nitro-5-Core-i5-10300H-8GB-SSD-512-VGA-GTX-1650Ti-4GB-FHD-IPS-144Hz-AN515-55-i.6488816.1374698710,22-01-2021
"Acer Predator Helios 300  i7-10750H, 8GB, SSD 512, RTX2060 6gb Gaming",19.800.000,KOTA SURAKARTA (SOLO),0,https://shopee.co.id/Acer-Predator-Helios-300-i7-10750H-8GB-SSD-512-RTX2060-6gb-Gaming-i.6488816.4651305887,22-01-2021
Lenovo Legion 7i Intel 6CID i7 10875H 16GB RTX2060 6GB NVIDIA 1TB SSD 15 FHD WVA 144Hz Win10 OHS RGB,29.999.000,KOTA JAKARTA PUSAT,3,https://shopee.co.id/Lenovo-Legion-7i-Intel-6CID-i7-10875H-16GB-RTX2060-6GB-NVIDIA-1TB-SSD-15-FHD-WVA-144Hz-Win10-OHS-RGB-i.26026296.3350561568,22-01-2021
