name,price,location,sold,link,date
"Lenovo Legion 5Pi Intel 6KID i7 10870H 16GB RTX 2060 6G NVIDIA 512GB SSD 15"" FHD WVA 144Hz Win10 OHS",24.499.000,KOTA JAKARTA PUSAT,0,https://shopee.co.id/Lenovo-Legion-5Pi-Intel-6KID-i7-10870H-16GB-RTX-2060-6G-NVIDIA-512GB-SSD-15-FHD-WVA-144Hz-Win10-OHS-i.26026296.5176280369,26-01-2021
"Lenovo Legion 5i Intel K9ID i7 10750H 16GB GTX 1650Ti 4G NVIDIA 512 SSD 15"" FHD WVA 144Hz Win10 OHS",18.299.000,KOTA JAKARTA PUSAT,2,https://shopee.co.id/Lenovo-Legion-5i-Intel-K9ID-i7-10750H-16GB-GTX-1650Ti-4G-NVIDIA-512-SSD-15-FHD-WVA-144Hz-Win10-OHS-i.26026296.3667482275,26-01-2021
Lenovo Legion 5i Intel MTID i7 10750H 16GB GTX 1660Ti 6G NVIDIA 512GB SSD 15 FHD WVA 144Hz Win10 OHS,20.999.000,KOTA JAKARTA PUSAT,0,https://shopee.co.id/Lenovo-Legion-5i-Intel-MTID-i7-10750H-16GB-GTX-1660Ti-6G-NVIDIA-512GB-SSD-15-FHD-WVA-144Hz-Win10-OHS-i.26026296.6065354414,26-01-2021
HP Gaming Pavilion 15-dk1064TX i5-103000H 8GB 512GB SSD RTX2060 Win 10+OHS,15.299.000,KOTA JAKARTA BARAT,4,https://shopee.co.id/HP-Gaming-Pavilion-15-dk1064TX-i5-103000H-8GB-512GB-SSD-RTX2060-Win-10-OHS-i.30121154.2754102130,26-01-2021
Lenovo Legion 5 15 Ryzen 5 4600 16GB 1TB+256ssd GTX1650Ti 4GB W10 15.6FHD,13.959.000,KOTA JAKARTA UTARA,1,https://shopee.co.id/Lenovo-Legion-5-15-Ryzen-5-4600-16GB-1TB-256ssd-GTX1650Ti-4GB-W10-15.6FHD-i.15641210.4857133096,26-01-2021
Laptop Gaming Lenovo legion 5 15ARH Ryzen 5 4600 16GB 1TB+256ssd GTX1650Ti 4GB W10 15.6FHD BLACK,13.959.000,KOTA JAKARTA UTARA,2,https://shopee.co.id/Laptop-Gaming-Lenovo-legion-5-15ARH-Ryzen-5-4600-16GB-1TB-256ssd-GTX1650Ti-4GB-W10-15.6FHD-BLACK-i.225418842.4557101020,26-01-2021
LENOVO LEGION 5 MLID A5ID RYZEN 5 4600H 16GB 512GB GTX 1650TI 120HZ NOT 2WID 40ID,16.598.000,KAB. TANGERANG,8,https://shopee.co.id/LENOVO-LEGION-5-MLID-A5ID-RYZEN-5-4600H-16GB-512GB-GTX-1650TI-120HZ-NOT-2WID-40ID-i.10257552.5544194213,26-01-2021
Laptop LENOVO Legion 5i 15IMH | i7 10750 16GB 512ssd GTX1650Ti 4GB W10 15.6FHD RGB |,15.449.000,KOTA JAKARTA UTARA,10,https://shopee.co.id/Laptop-LENOVO-Legion-5i-15IMH-i7-10750-16GB-512ssd-GTX1650Ti-4GB-W10-15.6FHD-RGB--i.217781231.3642529472,26-01-2021
Laptop LENOVO Legion 5 | Ryzen 5 4600 16GB 1TB+256ssd GTX1650Ti 4GB W10 15.6FHD |,13.959.000,KOTA JAKARTA UTARA,5,https://shopee.co.id/Laptop-LENOVO-Legion-5-Ryzen-5-4600-16GB-1TB-256ssd-GTX1650Ti-4GB-W10-15.6FHD--i.217781231.5754899405,26-01-2021
LENOVO LEGION 5 Ryzen 7 - 4800H,19.099.000,KOTA MOJOKERTO,1,https://shopee.co.id/LENOVO-LEGION-5-Ryzen-7-4800H-i.268490859.3260029586,26-01-2021
Lenovo Legion Y545 15iRH i7 9750 16GB 1TB+512ssd GTX1660Ti 6GB W10 15.6FHD,15.699.000,KOTA JAKARTA UTARA,4,https://shopee.co.id/Lenovo-Legion-Y545-15iRH-i7-9750-16GB-1TB-512ssd-GTX1660Ti-6GB-W10-15.6FHD-i.15641210.4418556161,26-01-2021
Laptop Gaming Lenovo Legion 5i 15IMH i7 10750 16GB 512ssd GTX1650Ti 4GB W10 15.6FHD RGB 120 Hz,15.899.000,KOTA JAKARTA UTARA,2,https://shopee.co.id/Laptop-Gaming-Lenovo-Legion-5i-15IMH-i7-10750-16GB-512ssd-GTX1650Ti-4GB-W10-15.6FHD-RGB-120-Hz-i.225418842.3760377203,26-01-2021
LAPTOP GAMING Lenovo legion 5i 15iMH i7 10750 16GB 512ssd GTX1660Ti 6GB W10 15.6FHD,17.799.000,KOTA JAKARTA SELATAN,1,https://shopee.co.id/LAPTOP-GAMING-Lenovo-legion-5i-15iMH-i7-10750-16GB-512ssd-GTX1660Ti-6GB-W10-15.6FHD-i.241683399.4562470193,26-01-2021
LENOVO LEGION 5 RYZEN 7-4800H 16GB 512GB GTX1650Ti 4GB 144Hz Win10+OHS 4 zone RGB,18.299.000,KOTA JAKARTA BARAT,2,https://shopee.co.id/LENOVO-LEGION-5-RYZEN-7-4800H-16GB-512GB-GTX1650Ti-4GB-144Hz-Win10-OHS-4-zone-RGB-i.30121154.7139192641,26-01-2021
Laptop LENOVO Legion 7i | i7 10750 16GB 1TBssd RTX2070 8GB W10 15.6FHD |,26.299.000,KOTA JAKARTA UTARA,4,https://shopee.co.id/Laptop-LENOVO-Legion-7i-i7-10750-16GB-1TBssd-RTX2070-8GB-W10-15.6FHD--i.217781231.5250380324,26-01-2021
Laptop LENOVO Legion 5 | Ryzen 5 4600 16GB 512ssd RTX2060 6GB W10 15.6FHD 144Hz 100% sRGB |,18.099.000,KOTA JAKARTA UTARA,4,https://shopee.co.id/Laptop-LENOVO-Legion-5-Ryzen-5-4600-16GB-512ssd-RTX2060-6GB-W10-15.6FHD-144Hz-100-sRGB--i.217781231.3638941606,26-01-2021
Lenovo Legion 5 15 Ryzen 5 4600 - GTX 1650Ti - 1TB + 256GB SSD - 120HZ,13.959.000,KOTA JAKARTA PUSAT,3,https://shopee.co.id/Lenovo-Legion-5-15-Ryzen-5-4600-GTX-1650Ti-1TB-256GB-SSD-120HZ-i.364038165.9305788765,26-01-2021
"Laptop Gaming LENOVO LEGION 5-2GID R7-4800H 8GBX2 512GB RTX2060 6GB 15,6"" WIN10+OPI P.BLACk",21.999.000,KOTA TANGERANG SELATAN,2,https://shopee.co.id/Laptop-Gaming-LENOVO-LEGION-5-2GID-R7-4800H-8GBX2-512GB-RTX2060-6GB-15-6-WIN10-OPI-P.BLACk-i.91649692.7668661112,26-01-2021
Lenovo Legion 5 A5ID - 144hz AMD Ryzen 5 4600H 16GB 512SSD RTX2060 6GB W10+OHS 15.6FHD,18.099.000,KOTA JAKARTA UTARA,7,https://shopee.co.id/Lenovo-Legion-5-A5ID-144hz-AMD-Ryzen-5-4600H-16GB-512SSD-RTX2060-6GB-W10-OHS-15.6FHD-i.78730497.8902104458,26-01-2021
Lenovo Legion 5 A7ID - 144Hz AMD Ryzen 7 4800 16GB 512ssd RTX2060 6GB W10+OHS 15.6FHD,21.099.000,KOTA JAKARTA UTARA,4,https://shopee.co.id/Lenovo-Legion-5-A7ID-144Hz-AMD-Ryzen-7-4800-16GB-512ssd-RTX2060-6GB-W10-OHS-15.6FHD-i.78730497.4269751439,26-01-2021
Lenovo Legion 5 Ryzen 7 4800H RTX2060 6GB 512GB SSD 16GB WIN10 + OHS Original,21.399.000,KOTA JAKARTA BARAT,1,https://shopee.co.id/Lenovo-Legion-5-Ryzen-7-4800H-RTX2060-6GB-512GB-SSD-16GB-WIN10-OHS-Original-i.30121154.7771362258,26-01-2021
Lenovo Legion 5i 15 CGUS CORE i7 10750/RAM 8GB/512GB SSD/GTX1650Ti-4GB/15.6/FHD 120HZ/WIN10,15.449.000,KOTA JAKARTA TIMUR,1,https://shopee.co.id/Lenovo-Legion-5i-15-CGUS-CORE-i7-10750-RAM-8GB-512GB-SSD-GTX1650Ti-4GB-15.6-FHD-120HZ-WIN10-i.238865572.7466464595,26-01-2021
Lenovo Legion 5i 15IMH i7 10750 16GB 512ssd GTX1660Ti 6GB W10 15.6FHD RGB 120HZ,17.299.000,KOTA JAKARTA UTARA,11,https://shopee.co.id/Lenovo-Legion-5i-15IMH-i7-10750-16GB-512ssd-GTX1660Ti-6GB-W10-15.6FHD-RGB-120HZ-i.15641210.3745432698,26-01-2021
Lenovo Legion 5 A6ID - 144Hz AMD Ryzen 7 4800 16GB 512ssd GTX1660Ti 6GB W10+OHS 15.6FHD,19.099.000,KOTA JAKARTA UTARA,2,https://shopee.co.id/Lenovo-Legion-5-A6ID-144Hz-AMD-Ryzen-7-4800-16GB-512ssd-GTX1660Ti-6GB-W10-OHS-15.6FHD-i.78730497.5270629395,26-01-2021
"Lenovo Legion 5 AMD 2XID Ryzen 7 4800H 16GB GTX1650Ti 4G NVIDIA 512 SSD 15"" FHD WVA 144Hz Win10 OHS",18.499.000,KOTA JAKARTA PUSAT,12,https://shopee.co.id/Lenovo-Legion-5-AMD-2XID-Ryzen-7-4800H-16GB-GTX1650Ti-4G-NVIDIA-512-SSD-15-FHD-WVA-144Hz-Win10-OHS-i.26026296.5738324840,26-01-2021
Lenovo Legion 5-2XID - AMD Ryzen 7-4800H 16GB 512ssd GTX1650Ti 4GB W10+OHS 15.6FHD 144Hz FREE OFFICE,17.699.000,KOTA JAKARTA UTARA,26,https://shopee.co.id/Lenovo-Legion-5-2XID-AMD-Ryzen-7-4800H-16GB-512ssd-GTX1650Ti-4GB-W10-OHS-15.6FHD-144Hz-FREE-OFFICE-i.78730497.3338614370,26-01-2021
Lenovo Legion 5 2XID Ryzen 7 4800H 16GB SSD 512GB GTX1650Ti 4GB Win10,17.995.000,KOTA PALEMBANG,3,https://shopee.co.id/Lenovo-Legion-5-2XID-Ryzen-7-4800H-16GB-SSD-512GB-GTX1650Ti-4GB-Win10-i.148017040.7040361890,26-01-2021
Lenovo Legion 5i - Intel Core i7 - 32GB - NVIDIA GeForce GTX 1660Ti - 512GB SSD - Black - 120Hz,19.999.000,KOTA JAKARTA PUSAT,1,https://shopee.co.id/Lenovo-Legion-5i-Intel-Core-i7-32GB-NVIDIA-GeForce-GTX-1660Ti-512GB-SSD-Black-120Hz-i.259973835.6356272541,26-01-2021
Laptop LENOVO Legion 5 Ryzen 7 4800 16GB 512ssd GTX1660Ti 4GB W10 15.6FHD 144Hz 100% sRGB |-A6ID,19.299.000,KOTA JAKARTA UTARA,4,https://shopee.co.id/Laptop-LENOVO-Legion-5-Ryzen-7-4800-16GB-512ssd-GTX1660Ti-4GB-W10-15.6FHD-144Hz-100-sRGB-A6ID-i.217781231.7538865077,26-01-2021
Lenovo Legion 5-MLID - AMD Ryzen 5 4600H 16GB 512SSD GTX1650Ti 4GB W10+OHS 15.6FHD,16.499.000,KOTA JAKARTA UTARA,9,https://shopee.co.id/Lenovo-Legion-5-MLID-AMD-Ryzen-5-4600H-16GB-512SSD-GTX1650Ti-4GB-W10-OHS-15.6FHD-i.78730497.7254883179,26-01-2021
LENOVO LEGION 5 2WID Ryzen 5 16GB 512SSD GTX 1650Ti 4GB FHD WIN10 OHS,15.750.000,KOTA MALANG,7,https://shopee.co.id/LENOVO-LEGION-5-2WID-Ryzen-5-16GB-512SSD-GTX-1650Ti-4GB-FHD-WIN10-OHS-i.164898651.4439957528,26-01-2021
Lenovo Legion 5 - 100% sRGB - Ryzen 5 4600H - 16GB - SSD 512GB - GTX1650Ti 4GB,16.899.000,KOTA JAKARTA PUSAT,1,https://shopee.co.id/Lenovo-Legion-5-100-sRGB-Ryzen-5-4600H-16GB-SSD-512GB-GTX1650Ti-4GB-i.259973835.4973474830,26-01-2021
Lenovo Legion 5i i7 10750 16GB 512ssd RTX2060 6GB W10+OHS 15.6FHD 144Hz 100% sRGB MUID,22.399.000,KOTA JAKARTA UTARA,1,https://shopee.co.id/Lenovo-Legion-5i-i7-10750-16GB-512ssd-RTX2060-6GB-W10-OHS-15.6FHD-144Hz-100-sRGB-MUID-i.15641210.9303214651,26-01-2021
LENOVO LEGION Y740 15IRHG i7 9750H RTX 2060 DDR4 16Gb SSD 1Tb 144hz,28.888.000,KAB. TANGERANG,2,https://shopee.co.id/LENOVO-LEGION-Y740-15IRHG-i7-9750H-RTX-2060-DDR4-16Gb-SSD-1Tb-144hz-i.10257552.6839273210,26-01-2021
LEGION 5i GTX 1660Ti - 120HZ REFRESH RATE  - 16GB RAM - RGB KEYBOARD - i7 10750H,17.799.000,KOTA JAKARTA PUSAT,14,https://shopee.co.id/LEGION-5i-GTX-1660Ti-120HZ-REFRESH-RATE-16GB-RAM-RGB-KEYBOARD-i7-10750H-i.259973835.7444961547,26-01-2021
"Lenovo Legion Y540 15IRH MSID + OHS (i7 9750HF Win10 16GB 512 SSD 15.6"" FHD 144Hz NVIDIA GTX1650 4G)",16.999.000,KOTA SURABAYA,2,https://shopee.co.id/Lenovo-Legion-Y540-15IRH-MSID-OHS-(i7-9750HF-Win10-16GB-512-SSD-15.6-FHD-144Hz-NVIDIA-GTX1650-4G)-i.252699817.4939552950,26-01-2021
"Lenovo Legion 5i Intel MUID i7 10750H 16GB RTX 2060 6GB NVIDIA 512GB SSD 15"" FHD WVA 144Hz Win10 OHS",23.999.000,KOTA JAKARTA PUSAT,4,https://shopee.co.id/Lenovo-Legion-5i-Intel-MUID-i7-10750H-16GB-RTX-2060-6GB-NVIDIA-512GB-SSD-15-FHD-WVA-144Hz-Win10-OHS-i.26026296.7667394722,26-01-2021
"Lenovo Legion Y7000 32ID + OHS (i7 9750H Win10 16GB 512 SSD 15.6"" FHD 144Hz NVIDIA GTX1650 4GB, SE)",16.999.000,KOTA SURABAYA,2,https://shopee.co.id/Lenovo-Legion-Y7000-32ID-OHS-(i7-9750H-Win10-16GB-512-SSD-15.6-FHD-144Hz-NVIDIA-GTX1650-4GB-SE)-i.252699817.4231149416,26-01-2021
"Lenovo Legion 5 15ARH - 2WID | 15,6"" | R5-4600H | GTX 1650Ti 4GB | RAM 16GB | Win 10 HOME + OHS 2019",16.399.000,KOTA JAKARTA UTARA,2,https://shopee.co.id/Lenovo-Legion-5-15ARH-2WID-15-6-R5-4600H-GTX-1650Ti-4GB-RAM-16GB-Win-10-HOME-OHS-2019-i.86803663.6139058307,26-01-2021
"Lenovo Legion Y540 - 15IRH | 15,6"" | i7-9750H | GTX 1650 4GB | RAM 16GB | Win 10 HOME + OHS 2019",16.799.000,KOTA JAKARTA UTARA,2,https://shopee.co.id/Lenovo-Legion-Y540-15IRH-15-6-i7-9750H-GTX-1650-4GB-RAM-16GB-Win-10-HOME-OHS-2019-i.86803663.7231842112,26-01-2021
"Lenovo Legion 5, Amd R5 /Amd R7 /16GB/512GB/ RTX2060 6GB/GTX1650Ti 4GB/W10H+OHS/15.6”FHD IPS + Mouse",19.000.000,KOTA MEDAN,2,https://shopee.co.id/Lenovo-Legion-5-Amd-R5-Amd-R7-16GB-512GB-RTX2060-6GB-GTX1650Ti-4GB-W10H-OHS-15.6”FHD-IPS-Mouse-i.225705370.7959198021,26-01-2021
LEGION Y545 GTX 1660Ti - 16GB RAM - i7 - 9750H - 1TB HDD + 512GB SSD,16.799.000,KOTA JAKARTA PUSAT,2,https://shopee.co.id/LEGION-Y545-GTX-1660Ti-16GB-RAM-i7-9750H-1TB-HDD-512GB-SSD-i.259973835.6234515416,26-01-2021
"Lenovo Legion 5 15ARH - 2XID | 15,6"" | R7-4800H | GTX 1650Ti 4GB | RAM 16GB | Win 10 HOME + OHS 2019",19.099.000,KOTA JAKARTA UTARA,2,https://shopee.co.id/Lenovo-Legion-5-15ARH-2XID-15-6-R7-4800H-GTX-1650Ti-4GB-RAM-16GB-Win-10-HOME-OHS-2019-i.86803663.3339161016,26-01-2021
LEGION 5i GTX 1660Ti - 100% SRGB -144HZ - i7 10750H - 512GB SSD,20.899.000,KOTA JAKARTA PUSAT,4,https://shopee.co.id/LEGION-5i-GTX-1660Ti-100-SRGB-144HZ-i7-10750H-512GB-SSD-i.259973835.3441030431,26-01-2021
Lenovo Legion 5i 4RID i7 10750H 16GB 512ssd GTX 1660Ti 6GB W10+OHS 15.6FHD 144hz White KB,20.699.000,KOTA JAKARTA UTARA,2,https://shopee.co.id/Lenovo-Legion-5i-4RID-i7-10750H-16GB-512ssd-GTX-1660Ti-6GB-W10-OHS-15.6FHD-144hz-White-KB-i.15641210.6838846991,26-01-2021
Lenovo Legion 7i Intel 6CID i7 10875H 16GB RTX2060 6GB NVIDIA 1TB SSD 15 FHD WVA 144Hz Win10 OHS RGB,29.999.000,KOTA JAKARTA PUSAT,3,https://shopee.co.id/Lenovo-Legion-7i-Intel-6CID-i7-10875H-16GB-RTX2060-6GB-NVIDIA-1TB-SSD-15-FHD-WVA-144Hz-Win10-OHS-RGB-i.26026296.3350561568,26-01-2021
"Lenovo Legion 5i Intel 4RID i7 10750H 16GB GTX 1660Ti 6G NVIDIA 512GB SSD 15""FHD WVA 144Hz Win10 OHS",20.599.000,KOTA JAKARTA PUSAT,5,https://shopee.co.id/Lenovo-Legion-5i-Intel-4RID-i7-10750H-16GB-GTX-1660Ti-6G-NVIDIA-512GB-SSD-15-FHD-WVA-144Hz-Win10-OHS-i.26026296.5638419334,26-01-2021
