name,price,location,sold,link,date
Lenovo Thinkpad X230 i5 Murah Berkualitas / Bergaransi,2.550.000,KOTA JAKARTA PUSAT,14,https://shopee.co.id/Lenovo-Thinkpad-X230-i5-Murah-Berkualitas-Bergaransi-i.30169103.3713924513,15-01-2021
Laptop Murah LENOVO THINKPAD -RAM 4GB-HDD 320GB Berkualitas,2.400.000,KOTA BANDUNG,958,https://shopee.co.id/Laptop-Murah-LENOVO-THINKPAD-RAM-4GB-HDD-320GB-Berkualitas-i.250685702.4634153452,15-01-2021
Laptop Murah LENOVO THINKPAD X260 RAM 8GB SSD 256GB Original Bergaransi,5.100.000,KOTA BANDUNG,20,https://shopee.co.id/Laptop-Murah-LENOVO-THINKPAD-X260-RAM-8GB-SSD-256GB-Original-Bergaransi-i.250685702.3543856127,15-01-2021
LENOVO THINKPAD X1 YOGA I7 6500U TOUCH 8GB RAM 256GB SSD,7.500.000,KOTA JAKARTA SELATAN,1,https://shopee.co.id/LENOVO-THINKPAD-X1-YOGA-I7-6500U-TOUCH-8GB-RAM-256GB-SSD-i.161362598.4375184578,15-01-2021
Lenovo YOGA 520 Intel Core i7 8550 8GB Nvidia MX130 Second,9.499.000,KOTA BANDUNG,1,https://shopee.co.id/Lenovo-YOGA-520-Intel-Core-i7-8550-8GB-Nvidia-MX130-Second-i.100409425.4361710193,15-01-2021
LENOVO YOGA C740 CORE I5 10210U RAM 8GB SSD 512GB BLACK MICA - X360,13.400.000,KOTA JAKARTA PUSAT,1,https://shopee.co.id/LENOVO-YOGA-C740-CORE-I5-10210U-RAM-8GB-SSD-512GB-BLACK-MICA-X360-i.238307530.9508147838,15-01-2021
"Lenovo Yoga Slim 7 OHS (Ryzen 7 4800U Win10 16GB 1TB SSD 14"" FHD WVA Integrated AMD B5ID B7ID)",16.999.000,KOTA JAKARTA PUSAT,1,https://shopee.co.id/Lenovo-Yoga-Slim-7-OHS-(Ryzen-7-4800U-Win10-16GB-1TB-SSD-14-FHD-WVA-Integrated-AMD-B5ID-B7ID)-i.26026296.4070458241,15-01-2021
Lenovo Yoga 7 27ID ci7-1165G7/16GB/1TBssd/Iris Xe/W10+OHS/14FHD,18.498.000,KOTA MALANG,1,https://shopee.co.id/Lenovo-Yoga-7-27ID-ci7-1165G7-16GB-1TBssd-Iris-Xe-W10-OHS-14FHD-i.164898651.9405513227,15-01-2021
Lenovo Yoga 7 14 Core i7 1165G7 RAM 16GB 1TBssd Iris Xe FHD TOUCH 2in1,18.499.000,KOTA BEKASI,1,https://shopee.co.id/Lenovo-Yoga-7-14-Core-i7-1165G7-RAM-16GB-1TBssd-Iris-Xe-FHD-TOUCH-2in1-i.319647164.3570723790,15-01-2021
Lenovo Yoga 6 13 2in1 Touch Ryzen Pro 5 4650 8GB 256ssd/512SSD Vega7 W10 13.3FHD,11.699.000,KOTA JAKARTA UTARA,2,https://shopee.co.id/Lenovo-Yoga-6-13-2in1-Touch-Ryzen-Pro-5-4650-8GB-256ssd-512SSD-Vega7-W10-13.3FHD-i.15641210.7866607174,15-01-2021
"Lenovo Yoga Duet 7 13IML05, Ci5-10210U/Ci7-10510U/8GB/512GB/W10HSL+OHS/13” WQHD IPS Touch + Stylus",16.000.000,KOTA MEDAN,2,https://shopee.co.id/Lenovo-Yoga-Duet-7-13IML05-Ci5-10210U-Ci7-10510U-8GB-512GB-W10HSL-OHS-13”-WQHD-IPS-Touch-Stylus-i.225705370.4665386386,15-01-2021
"Lenovo YOGA Slim 9i 13ID Leather (i7 1165G7 Evo Win10 16GB 1TB SSD 14"" UHD WVA Touch Intel Iris OHS)",28.249.000,KOTA JAKARTA PUSAT,2,https://shopee.co.id/Lenovo-YOGA-Slim-9i-13ID-Leather-(i7-1165G7-Evo-Win10-16GB-1TB-SSD-14-UHD-WVA-Touch-Intel-Iris-OHS)-i.26026296.7161484533,15-01-2021
"Lenovo Thinkpad Yoga X1 Carbon 2in1 i7-10510U 16GB 512GB Win10 14""FHD Gen-5 - Iron Grey",23.699.000,KOTA JAKARTA PUSAT,1,https://shopee.co.id/Lenovo-Thinkpad-Yoga-X1-Carbon-2in1-i7-10510U-16GB-512GB-Win10-14-FHD-Gen-5-Iron-Grey-i.47045592.7643870951,15-01-2021
"Lenovo Yoga Slim 7 14ARE05 Ryzen 5-4500U 16GB/512GB/ W10 14""FHD OHS 2019",13.899.000,KOTA MAKASSAR,1,https://shopee.co.id/Lenovo-Yoga-Slim-7-14ARE05-Ryzen-5-4500U-16GB-512GB-W10-14-FHD-OHS-2019-i.43209604.6245261101,15-01-2021
Lenovo Yoga Slim 7 BHID Ryzen 5 4500U 16GB SSD 512GB W10 OHS,13.300.000,KOTA PALEMBANG,1,https://shopee.co.id/Lenovo-Yoga-Slim-7-BHID-Ryzen-5-4500U-16GB-SSD-512GB-W10-OHS-i.148017040.8102065567,15-01-2021
Laptop Lenovo yoga i3 RAM 4GB HDD 500GB,3.700.000,KOTA JAKARTA PUSAT,3,https://shopee.co.id/Laptop-Lenovo-yoga-i3-RAM-4GB-HDD-500GB-i.214616738.4138424977,15-01-2021
THINKPAD YOGA 11E TOUCH I3 6100U 8GB RAM 256GB SSD CAM HDMI GOOD BATTREY MULUS MURAH,4.400.000,KOTA JAKARTA SELATAN,1,https://shopee.co.id/THINKPAD-YOGA-11E-TOUCH-I3-6100U-8GB-RAM-256GB-SSD-CAM-HDMI-GOOD-BATTREY-MULUS-MURAH-i.23412476.4845834047,15-01-2021
Laptop LENOVO YOGA 6 13ARE 2in1 touch | Ryzen 5 4500 8GB 256ssd W10 13.3FHD Metal + FABRIC |,11.699.000,KOTA JAKARTA UTARA,1,https://shopee.co.id/Laptop-LENOVO-YOGA-6-13ARE-2in1-touch-Ryzen-5-4500-8GB-256ssd-W10-13.3FHD-Metal-FABRIC--i.217781231.5563835071,15-01-2021
LAPTOP LENOVO FLEX 6 N4000 4GB 64GB WINDOWS (PENGGANTI YOGA 300),3.550.000,KOTA JAKARTA SELATAN,1,https://shopee.co.id/LAPTOP-LENOVO-FLEX-6-N4000-4GB-64GB-WINDOWS-(PENGGANTI-YOGA-300)-i.14655764.2861696702,15-01-2021
"Lenovo 2in1 YOGA Duet 7i + E-color Pen (i7 10510U Win10 16GB 512GB SSD 13"" WQHD WVA Touch Intel OHS)",18.999.000,KOTA JAKARTA PUSAT,11,https://shopee.co.id/Lenovo-2in1-YOGA-Duet-7i-E-color-Pen-(i7-10510U-Win10-16GB-512GB-SSD-13-WQHD-WVA-Touch-Intel-OHS)-i.26026296.6161299339,15-01-2021
"OBRAL LENOVO THINKPAD YOGA 11E TOUCHSCREEN CEL N2930 8GB SSD 120GB LAYAR 11,6"" BISA DI LIPAT WIND 10",2.403.030,KOTA SURABAYA,1,https://shopee.co.id/OBRAL-LENOVO-THINKPAD-YOGA-11E-TOUCHSCREEN-CEL-N2930-8GB-SSD-120GB-LAYAR-11-6-BISA-DI-LIPAT-WIND-10-i.6471980.3927382600,15-01-2021
Laptop LENOVO Thinkbook Yoga 14s 2in1 Touch | i7 1165G7 16GB 512ssd W10 14.0FHD |,15.999.000,KOTA JAKARTA UTARA,4,https://shopee.co.id/Laptop-LENOVO-Thinkbook-Yoga-14s-2in1-Touch-i7-1165G7-16GB-512ssd-W10-14.0FHD--i.217781231.4836032468,15-01-2021
leptop lenovo yoga 330,6.000.000,KAB. CIANJUR,1,https://shopee.co.id/leptop-lenovo-yoga-330-i.157425471.3862420220,15-01-2021
THINKPAD X1 YOGA I7 6500U 8GB RAM 256GB SSD FHD 2560X1440 IPS TOUCHSCREEN,7.550.000,KOTA JAKARTA SELATAN,6,https://shopee.co.id/THINKPAD-X1-YOGA-I7-6500U-8GB-RAM-256GB-SSD-FHD-2560X1440-IPS-TOUCHSCREEN-i.20542553.7041085020,15-01-2021
lenovo yoga book tablet windows android,4.500.000,KAB. PATI,1,https://shopee.co.id/lenovo-yoga-book-tablet-windows-android-i.4004703.3939155382,15-01-2021
