name,price,location,sold,link,date
"Lenovo 2in1 YOGA Duet 7i + E-color Pen (i7 10510U Win10 16GB 512GB SSD 13"" WQHD WVA Touch Intel OHS)",18.999.000,KOTA JAKARTA PUSAT,12,https://shopee.co.id/Lenovo-2in1-YOGA-Duet-7i-E-color-Pen-(i7-10510U-Win10-16GB-512GB-SSD-13-WQHD-WVA-Touch-Intel-OHS)-i.26026296.6161299339,28-01-2021
Ultrabook Lenovo Thinkpad X230 CORE I5 RAM 8GB,2.675.000,KOTA JAKARTA PUSAT,351,https://shopee.co.id/Ultrabook-Lenovo-Thinkpad-X230-CORE-I5-RAM-8GB-i.45611939.1641348274,28-01-2021
"Lenovo YOGA Slim 7i 14ITL05 1BID i7 1165G7 Evo Win10 16GB 1TB SSD 14"" FHD WVA Touch Intel IrisXe OHS",18.749.000,KOTA JAKARTA PUSAT,8,https://shopee.co.id/Lenovo-YOGA-Slim-7i-14ITL05-1BID-i7-1165G7-Evo-Win10-16GB-1TB-SSD-14-FHD-WVA-Touch-Intel-IrisXe-OHS-i.26026296.7570051356,28-01-2021
"Lenovo Yoga Slim 7 Ryzen 5 4500U Win10 16GB 512GB SSD 14"" FHD WVA 100% sRGB AMD Radeon OHS 1RID 1SID",13.299.000,KOTA JAKARTA PUSAT,17,https://shopee.co.id/Lenovo-Yoga-Slim-7-Ryzen-5-4500U-Win10-16GB-512GB-SSD-14-FHD-WVA-100-sRGB-AMD-Radeon-OHS-1RID-1SID-i.26026296.7743480162,28-01-2021
Lenovo Yoga Slim 7 14 BHID BGID Ryzen 5 4500 16GB 512ssd W10 OHS 14 FHD IPS 2Yr ADP,13.100.000,KOTA MALANG,1,https://shopee.co.id/Lenovo-Yoga-Slim-7-14-BHID-BGID-Ryzen-5-4500-16GB-512ssd-W10-OHS-14-FHD-IPS-2Yr-ADP-i.164898651.6568450199,28-01-2021
"Lenovo Yoga Slim 7i Pro 14ITL5 Intel i7 1165G7 Win10 16GB 1TB SSD 14"" 2.2K NVIDIA MX450 2GB OHS 2UID",19.249.000,KOTA JAKARTA PUSAT,1,https://shopee.co.id/Lenovo-Yoga-Slim-7i-Pro-14ITL5-Intel-i7-1165G7-Win10-16GB-1TB-SSD-14-2.2K-NVIDIA-MX450-2GB-OHS-2UID-i.26026296.8810581681,28-01-2021
Lenovo Yoga 7 27ID ci7-1165G7/16GB/1TBssd/Iris Xe/W10+OHS/14FHD,18.498.000,KOTA MALANG,1,https://shopee.co.id/Lenovo-Yoga-7-27ID-ci7-1165G7-16GB-1TBssd-Iris-Xe-W10-OHS-14FHD-i.164898651.9405513227,28-01-2021
"LENOVO THINKPAD YOGA L13  I5-10210U/8GB/512GB/W10PRO/13.3"" TOUCHSCREEN FLIP",17.499.000,KOTA SURABAYA,1,https://shopee.co.id/LENOVO-THINKPAD-YOGA-L13-I5-10210U-8GB-512GB-W10PRO-13.3-TOUCHSCREEN-FLIP-i.33376824.6859358346,28-01-2021
"LENOVO YOGA SLIM 7-14ARE05-AMD RYZEN 7-4800U-16GB-1 TB-14""-W10H",17.399.000,KOTA JAKARTA PUSAT,1,https://shopee.co.id/LENOVO-YOGA-SLIM-7-14ARE05-AMD-RYZEN-7-4800U-16GB-1-TB-14-W10H-i.120447940.3357769770,28-01-2021
"Lenovo Thinkpad Yoga X1 Carbon 2in1 i7-10510U 16GB 512GB Win10 14""FHD Gen-5 - Iron Grey",23.699.000,KOTA JAKARTA PUSAT,1,https://shopee.co.id/Lenovo-Thinkpad-Yoga-X1-Carbon-2in1-i7-10510U-16GB-512GB-Win10-14-FHD-Gen-5-Iron-Grey-i.47045592.7643870951,28-01-2021
Lenovo Yoga 6 13 2in1 Touch Ryzen Pro 5 4650 8GB 256ssd Vega7 W10 13.3FHD,11.699.000,KOTA JAKARTA PUSAT,1,https://shopee.co.id/Lenovo-Yoga-6-13-2in1-Touch-Ryzen-Pro-5-4650-8GB-256ssd-Vega7-W10-13.3FHD-i.305307633.7268418464,28-01-2021
"LENOVO YOGA SLIM 7-14ARE05 Ryzen 5 4500U 16GB DDR4 512GB SSD 14"" FHD Windows 10 Pre OHS",13.499.000,KOTA JAKARTA UTARA,2,https://shopee.co.id/LENOVO-YOGA-SLIM-7-14ARE05-Ryzen-5-4500U-16GB-DDR4-512GB-SSD-14-FHD-Windows-10-Pre-OHS-i.60324286.4239029526,28-01-2021
Lenovo Yoga 6 13 2in1 Touch Ryzen Pro 5 4650 8GB 256ssd/512SSD Vega7 W10 13.3FHD,11.599.000,KOTA JAKARTA UTARA,3,https://shopee.co.id/Lenovo-Yoga-6-13-2in1-Touch-Ryzen-Pro-5-4650-8GB-256ssd-512SSD-Vega7-W10-13.3FHD-i.15641210.7866607174,28-01-2021
Lenovo Yoga Slim 7 12ID Ryzen 7 4800U 16GB SSD 1TB W10 OHS,16.700.000,KOTA PALEMBANG,3,https://shopee.co.id/Lenovo-Yoga-Slim-7-12ID-Ryzen-7-4800U-16GB-SSD-1TB-W10-OHS-i.148017040.3859582951,28-01-2021
"Lenovo Yoga Slim 7i OHS (i7 1065G7 Win10 16GB 1TB SSD 14"" FHD WVA NVIDIA MX350 2GB 34ID 35ID 36ID) 5",18.249.000,KOTA SURABAYA,4,https://shopee.co.id/Lenovo-Yoga-Slim-7i-OHS-(i7-1065G7-Win10-16GB-1TB-SSD-14-FHD-WVA-NVIDIA-MX350-2GB-34ID-35ID-36ID)-5-i.252699817.6536184817,28-01-2021
Laptop Lenovo X1 Yoga,11.000.000,KOTA BANDUNG,1,https://shopee.co.id/Laptop-Lenovo-X1-Yoga-i.369019329.7673947376,28-01-2021
Notebook murah seken Lenovo yoga 300 Slim 360 touchscreen mulus,2.900.000,KOTA BLITAR,1,https://shopee.co.id/Notebook-murah-seken-Lenovo-yoga-300-Slim-360-touchscreen-mulus-i.34505835.5650299808,28-01-2021
THINKPAD X1 YOGA I7 6600U 16GB RAM 512GB SSD FHD 2560X1440 IPS TOUCHSCREEN,9.750.000,KOTA JAKARTA SELATAN,6,https://shopee.co.id/THINKPAD-X1-YOGA-I7-6600U-16GB-RAM-512GB-SSD-FHD-2560X1440-IPS-TOUCHSCREEN-i.20542553.7041085020,28-01-2021
THINKPAD YOGA 11E TOUCH I3 6100U 8GB RAM 256GB SSD CAM HDMI GOOD BATTREY MULUS MURAH,4.400.000,KOTA JAKARTA SELATAN,1,https://shopee.co.id/THINKPAD-YOGA-11E-TOUCH-I3-6100U-8GB-RAM-256GB-SSD-CAM-HDMI-GOOD-BATTREY-MULUS-MURAH-i.23412476.4845834047,28-01-2021
Laptop LENOVO Thinkbook Yoga 14s 2in1 Touch | i5 1135G7 8GB 256ssd W10 14.0FHD |,12.999.000,KOTA JAKARTA UTARA,3,https://shopee.co.id/Laptop-LENOVO-Thinkbook-Yoga-14s-2in1-Touch-i5-1135G7-8GB-256ssd-W10-14.0FHD--i.217781231.6239399683,28-01-2021
Laptop Murah Lenovo Yoga C740 14iML 2in1 Touch i5 10210 8GB 256ssd W10 14.0FHD,11.299.000,KOTA JAKARTA UTARA,1,https://shopee.co.id/Laptop-Murah-Lenovo-Yoga-C740-14iML-2in1-Touch-i5-10210-8GB-256ssd-W10-14.0FHD-i.225418842.3353673199,28-01-2021
Laptop LENOVO YOGA 6 13ARE 2in1 touch | Ryzen 5 4500 8GB 256ssd W10 13.3FHD Metal + FABRIC |,11.599.000,KOTA JAKARTA UTARA,1,https://shopee.co.id/Laptop-LENOVO-YOGA-6-13ARE-2in1-touch-Ryzen-5-4500-8GB-256ssd-W10-13.3FHD-Metal-FABRIC--i.217781231.5563835071,28-01-2021
OBRAL CUCI GUDANG NOTEBOOK Lenovo ThikPad Yoga 11E RAM 8GB TOUCHSCREEN WINDOWS 10 PRO ORI BERGARANSI,2.501.400,KOTA SURABAYA,1,https://shopee.co.id/OBRAL-CUCI-GUDANG-NOTEBOOK-Lenovo-ThikPad-Yoga-11E-RAM-8GB-TOUCHSCREEN-WINDOWS-10-PRO-ORI-BERGARANSI-i.7217222.4527758679,28-01-2021
[Free MS. Office 2019] Laptop Lenovo Yoga C640 33iD - i7-10510U RAM 16GB SSD 512GB 13.3FHD TOUCH WIN,16.600.000,KOTA JAKARTA PUSAT,1,https://shopee.co.id/-Free-MS.-Office-2019-Laptop-Lenovo-Yoga-C640-33iD-i7-10510U-RAM-16GB-SSD-512GB-13.3FHD-TOUCH-WIN-i.120447940.3213875665,28-01-2021
"LAPTOP LENOVO YOGA BOOK C930 i5-7Y54 4GB 256GB W10 10,8""QHD TS - BLACK",12.999.000,KOTA JAKARTA PUSAT,1,https://shopee.co.id/LAPTOP-LENOVO-YOGA-BOOK-C930-i5-7Y54-4GB-256GB-W10-10-8-QHD-TS-BLACK-i.259973835.7739559671,28-01-2021
