name,price,location,sold,link,date
Laptop Murah LENOVO THINKPAD X260 RAM 8GB SSD 256GB Original Bergaransi,5.199.000,KOTA BANDUNG,22,https://shopee.co.id/Laptop-Murah-LENOVO-THINKPAD-X260-RAM-8GB-SSD-256GB-Original-Bergaransi-i.250685702.3543856127,18-01-2021
LENOVO THINKPAD X1 YOGA I7 6500U TOUCH 8GB RAM 256GB SSD,7.500.000,KOTA JAKARTA SELATAN,1,https://shopee.co.id/LENOVO-THINKPAD-X1-YOGA-I7-6500U-TOUCH-8GB-RAM-256GB-SSD-i.161362598.4375184578,18-01-2021
LENOVO YOGA C740 CORE I5 10210U RAM 8GB SSD 512GB BLACK MICA - X360,13.400.000,KOTA JAKARTA PUSAT,1,https://shopee.co.id/LENOVO-YOGA-C740-CORE-I5-10210U-RAM-8GB-SSD-512GB-BLACK-MICA-X360-i.238307530.9508147838,18-01-2021
"LENOVO YOGA DUET 7I-13IML05 i5 10210U 8GB 512GB 13"" TOUCH WIN10 OHS - GREY",16.815.000,KOTA SURABAYA,1,https://shopee.co.id/LENOVO-YOGA-DUET-7I-13IML05-i5-10210U-8GB-512GB-13-TOUCH-WIN10-OHS-GREY-i.120549837.6168611590,18-01-2021
Lenovo YOGA 520 Intel Core i7 8550 8GB Nvidia MX130 Second,9.499.000,KOTA BANDUNG,1,https://shopee.co.id/Lenovo-YOGA-520-Intel-Core-i7-8550-8GB-Nvidia-MX130-Second-i.100409425.4361710193,18-01-2021
Lenovo Yoga 6 13 2in1 Touch Ryzen Pro 5 4650 8GB 256ssd Vega7 W10 13.3FHD,11.699.000,KOTA JAKARTA PUSAT,1,https://shopee.co.id/Lenovo-Yoga-6-13-2in1-Touch-Ryzen-Pro-5-4650-8GB-256ssd-Vega7-W10-13.3FHD-i.305307633.7268418464,18-01-2021
Lenovo Yoga 7 27ID ci7-1165G7/16GB/1TBssd/Iris Xe/W10+OHS/14FHD,18.498.000,KOTA MALANG,1,https://shopee.co.id/Lenovo-Yoga-7-27ID-ci7-1165G7-16GB-1TBssd-Iris-Xe-W10-OHS-14FHD-i.164898651.9405513227,18-01-2021
Lenovo Yoga 7 14 Core i7 1165G7 RAM 16GB 1TBssd Iris Xe FHD TOUCH 2in1,18.499.000,KOTA BEKASI,1,https://shopee.co.id/Lenovo-Yoga-7-14-Core-i7-1165G7-RAM-16GB-1TBssd-Iris-Xe-FHD-TOUCH-2in1-i.319647164.3570723790,18-01-2021
"Lenovo Yoga Duet 7 13IML05, Ci5-10210U/Ci7-10510U/8GB/512GB/W10HSL+OHS/13” WQHD IPS Touch + Stylus",16.000.000,KOTA MEDAN,2,https://shopee.co.id/Lenovo-Yoga-Duet-7-13IML05-Ci5-10210U-Ci7-10510U-8GB-512GB-W10HSL-OHS-13”-WQHD-IPS-Touch-Stylus-i.225705370.4665386386,18-01-2021
Lenovo Yoga 6 13 2in1 Touch Ryzen Pro 5 4650 8GB 256ssd/512SSD Vega7 W10 13.3FHD,11.699.000,KOTA JAKARTA UTARA,2,https://shopee.co.id/Lenovo-Yoga-6-13-2in1-Touch-Ryzen-Pro-5-4650-8GB-256ssd-512SSD-Vega7-W10-13.3FHD-i.15641210.7866607174,18-01-2021
"Lenovo Thinkpad Yoga X1 Carbon 2in1 i7-10510U 16GB 512GB Win10 14""FHD Gen-5 - Iron Grey",23.699.000,KOTA JAKARTA PUSAT,1,https://shopee.co.id/Lenovo-Thinkpad-Yoga-X1-Carbon-2in1-i7-10510U-16GB-512GB-Win10-14-FHD-Gen-5-Iron-Grey-i.47045592.7643870951,18-01-2021
LENOVO YOGA C740 i5 10210 - MICA - 8GB RAM - 256GB SSD,11.699.000,KOTA JAKARTA PUSAT,2,https://shopee.co.id/LENOVO-YOGA-C740-i5-10210-MICA-8GB-RAM-256GB-SSD-i.259973835.6949633779,18-01-2021
Lenovo Yoga Slim 7 BHID Ryzen 5 4500U 16GB SSD 512GB W10 OHS,13.300.000,KOTA PALEMBANG,1,https://shopee.co.id/Lenovo-Yoga-Slim-7-BHID-Ryzen-5-4500U-16GB-SSD-512GB-W10-OHS-i.148017040.8102065567,18-01-2021
"Lenovo Yoga Slim 7 14ARE05 Ryzen 5-4500U 16GB/512GB/ W10 14""FHD OHS 2019",13.899.000,KOTA MAKASSAR,1,https://shopee.co.id/Lenovo-Yoga-Slim-7-14ARE05-Ryzen-5-4500U-16GB-512GB-W10-14-FHD-OHS-2019-i.43209604.6245261101,18-01-2021
Lenovo Yoga Duet 7i 13IML05 - 78ID,15.999.000,KOTA JAKARTA PUSAT,1,https://shopee.co.id/Lenovo-Yoga-Duet-7i-13IML05-78ID-i.746822.6164250413,18-01-2021
Laptop Lenovo yoga i3 RAM 4GB HDD 500GB,3.700.000,KOTA JAKARTA PUSAT,3,https://shopee.co.id/Laptop-Lenovo-yoga-i3-RAM-4GB-HDD-500GB-i.214616738.4138424977,18-01-2021
THINKPAD YOGA 11E TOUCH I3 6100U 8GB RAM 256GB SSD CAM HDMI GOOD BATTREY MULUS MURAH,4.400.000,KOTA JAKARTA SELATAN,1,https://shopee.co.id/THINKPAD-YOGA-11E-TOUCH-I3-6100U-8GB-RAM-256GB-SSD-CAM-HDMI-GOOD-BATTREY-MULUS-MURAH-i.23412476.4845834047,18-01-2021
Laptop LENOVO YOGA 6 13ARE 2in1 touch | Ryzen 5 4500 8GB 256ssd W10 13.3FHD Metal + FABRIC |,11.699.000,KOTA JAKARTA UTARA,1,https://shopee.co.id/Laptop-LENOVO-YOGA-6-13ARE-2in1-touch-Ryzen-5-4500-8GB-256ssd-W10-13.3FHD-Metal-FABRIC--i.217781231.5563835071,18-01-2021
leptop lenovo yoga 330,6.000.000,KAB. CIANJUR,1,https://shopee.co.id/leptop-lenovo-yoga-330-i.157425471.3862420220,18-01-2021
THINKPAD X1 YOGA I7 6600U 16GB RAM 512GB SSD FHD 2560X1440 IPS TOUCHSCREEN,9.750.000,KOTA JAKARTA SELATAN,6,https://shopee.co.id/THINKPAD-X1-YOGA-I7-6600U-16GB-RAM-512GB-SSD-FHD-2560X1440-IPS-TOUCHSCREEN-i.20542553.7041085020,18-01-2021
"LAPTOP LENOVO YOGA BOOK C930 i5-7Y54 4GB 256GB W10 10,8""QHD TS - BLACK",12.999.000,KOTA JAKARTA PUSAT,1,https://shopee.co.id/LAPTOP-LENOVO-YOGA-BOOK-C930-i5-7Y54-4GB-256GB-W10-10-8-QHD-TS-BLACK-i.259973835.7739559671,18-01-2021
Laptop LENOVO Thinkbook Yoga 14s 2in1 Touch | i7 1165G7 16GB 512ssd W10 14.0FHD |,15.999.000,KOTA JAKARTA UTARA,4,https://shopee.co.id/Laptop-LENOVO-Thinkbook-Yoga-14s-2in1-Touch-i7-1165G7-16GB-512ssd-W10-14.0FHD--i.217781231.4836032468,18-01-2021
"OBRAL LENOVO THINKPAD YOGA 11E TOUCHSCREEN CEL N2930 8GB SSD 120GB LAYAR 11,6"" BISA DI LIPAT WIND 10",2.403.030,KOTA SURABAYA,1,https://shopee.co.id/OBRAL-LENOVO-THINKPAD-YOGA-11E-TOUCHSCREEN-CEL-N2930-8GB-SSD-120GB-LAYAR-11-6-BISA-DI-LIPAT-WIND-10-i.6471980.3927382600,18-01-2021
Laptop Mini One Netbook One Mix 3 Pro Core i5 Ram 16GB SSD 512GB Mirip Lenovo Yoga Free Stylus,18.000.000,KOTA TANGERANG,2,https://shopee.co.id/Laptop-Mini-One-Netbook-One-Mix-3-Pro-Core-i5-Ram-16GB-SSD-512GB-Mirip-Lenovo-Yoga-Free-Stylus-i.5837000.4432523462,18-01-2021
"Lenovo 2in1 YOGA Duet 7i + E-color Pen (i7 10510U Win10 16GB 512GB SSD 13"" WQHD WVA Touch Intel OHS)",18.999.000,KOTA JAKARTA PUSAT,11,https://shopee.co.id/Lenovo-2in1-YOGA-Duet-7i-E-color-Pen-(i7-10510U-Win10-16GB-512GB-SSD-13-WQHD-WVA-Touch-Intel-OHS)-i.26026296.6161299339,18-01-2021
